ZIPCODE,TREND2007,POPULATION,RATIO
94620,5351.399902,-100,-100
90001,0,57110,0
90002,0,51223,0
90008,0,32327,0
90022,0,67179,0
90023,0,45903,0
90038,0,28917,0
90040,0,12520,0
90043,7932,44789,0.177097055080489
90046,0,48581,0
90047,0,48606,0
90048,0,21397,0
90049,0,35482,0
90056,0,7827,0
90061,0,26872,0
90063,0,55758,0
90066,0,55277,0
90069,0,20483,0
90201,0,101279,0
90209,0,-100,-100
90210,14649.59961,21741,0.673823633227542
90211,0,8434,0
90212,5713.199707,11555,0.494435284032886
90213,9372,-100,-100
90220,0,49328,0
90221,0,53704,0
90222,0,31869,0
90230,11942,31766,0.375936535918907
90232,3758.400146,15149,0.248095593504522
90233,0,-100,-100
90240,7090.400391,25876,0.274014545949915
90241,0,42399,0
90242,4713.600098,43497,0.108366096466423
90245,0,16654,0
90247,3829.800049,47487,0.080649441931476
90248,0,9947,0
90249,2555.199951,26669,0.0958116146462185
90250,9675.299805,93193,0.103820027308918
90254,0,19506,0
90255,0,75066,0
90260,0,34924,0
90262,0,69745,0
90263,0,1612,0
90264,0,-100,-100
90265,29877.30078,18116,1.64922172554648
90266,18670.30078,35135,0.531387527536644
90274,9820,25209,0.389543417033599
90275,25786.90039,41804,0.616852463639843
90277,0,35293,0
90278,3775.200195,40071,0.094212777195478
90280,0,94396,0
90290,5270.399902,6368,0.827638175565327
90301,0,36568,0
90302,4919.600098,29415,0.167248006051334
90303,0,26176,0
90304,0,28210,0
90305,0,14853,0
90401,7149.200195,6722,1.06355254314192
90402,6098.799805,12250,0.497861208571429
90403,7596,24525,0.309724770642202
90404,1983,21360,0.0928370786516854
90405,31549.30078,27186,1.16049807915839
90406,0,-100,-100
90501,4360.399902,43180,0.10098193381195
90502,0,18010,0
90503,0,44383,0
90504,2651.400146,32102,0.0825929894087596
90505,0,36678,0
90601,9967.200195,31974,0.311728285325577
90602,5306.399902,25777,0.205857931566901
90603,0,20063,0
90604,0,39407,0
90605,19846.60156,40331,0.492092969675932
90606,0,32396,0
90620,0,45113,0
90621,0,35153,0
90623,7924.899902,15554,0.509508801723029
90630,22947.79883,47993,0.478148872335549
90631,8514,67619,0.125911356275603
90637,0,-100,-100
90638,0,49012,0
90640,0,62549,0
90650,0,105549,0
90657,0,-100,-100
90660,0,62928,0
90670,2100,14866,0.141261939997309
90680,0,29945,0
90700,0,-100,-100
90701,0,16591,0
90703,3832.799805,49399,0.0775886112067046
90704,0,4090,0
90706,0,76615,0
90710,0,25457,0
90711,0,-100,-100
90712,0,31499,0
90713,2653.199951,27925,0.0950116365622202
90715,0,20388,0
90716,0,14184,0
90717,3654.399902,21318,0.171423205835444
90720,1976.399902,21751,0.0908647833203071
90723,0,54099,0
90731,0,59662,0
90740,0,23729,0
90742,0,831,0
90743,0,456,0
90745,7665.599609,57251,0.133894597631482
90746,0,25990,0
90755,0,11074,0
90801,0,-100,-100
90802,0,39347,0
90803,5504.400391,32031,0.171846036371016
90804,0,40311,0
90805,0,93524,0
90806,2683.800049,42399,0.0632986638599967
90807,7092,31481,0.225278739557193
90808,14446.5,38232,0.377864092906466
90810,0,36735,0
90813,0,58911,0
90814,5470.5,19131,0.285949506037322
90815,10165.5,39733,0.255845267158282
90914,0,-100,-100
91001,32141,36126,0.889691634833638
91006,8808,31715,0.277723474696516
91007,13376.19922,34095,0.392321431881508
91008,0,1391,0
91010,3870.300049,26074,0.148435224706604
91011,27391.59961,20280,1.35067059220907
91016,5577,40598,0.137371299078772
91020,0,8415,0
91024,10327.5,10917,0.946001648804617
91030,24907.40039,25616,0.972337616723922
91101,0,20460,0
91104,0,36751,0
91107,2202,32940,0.0668488160291439
91108,1620.900024,13361,0.121315771573984
91214,0,30356,0
91301,50269,25488,1.97226145637163
91302,19742.19922,25709,0.767910040063791
91304,0,50231,0
91307,4644,24474,0.189752390291738
91310,2580.199951,-100,-100
91311,0,36557,0
91319,2580.199951,-100,-100
91320,74007.10156,44274,1.67157025703573
91321,5361,34882,0.15368958201938
91326,4644,33708,0.137771448914204
91340,1545,34188,0.0451912951912952
91342,0,91725,0
91350,30934.90039,33348,0.927638850605733
91351,7372,32362,0.227798034732093
91354,9555.700195,28722,0.332696197862266
91355,17423.19922,32605,0.534372004907223
91360,31145.40039,42402,0.734526682467808
91361,13962.59961,20438,0.683168588413739
91362,42234.19922,36045,1.17170756609793
91364,4228.200195,25851,0.163560411396078
91377,7939.799805,13811,0.574889566649772
91381,39289.69922,20158,1.94908717233853
91384,16785,29855,0.562217384022777
91387,44732.39844,40328,1.10921440289625
91390,62305,19786,3.14894369756393
91701,12025.7998,38976,0.30854371408046
91702,7604.100098,59705,0.127361194171342
91706,0,76571,0
91708,0,3369,0
91709,12184.40039,74796,0.16290176466656
91710,27302.59961,80358,0.339762059906917
91711,37172.39844,35705,1.04109784175886
91714,0,-100,-100
91722,0,34409,0
91723,0,18275,0
91724,5009,26184,0.191300030553009
91729,0,-100,-100
91730,0,66925,0
91731,0,29591,0
91732,0,61386,0
91733,2128.5,43896,0.0484896118097321
91737,9717,24740,0.392764753435732
91739,42940.60156,34794,1.23413811461746
91740,0,25356,0
91741,0,25824,0
91744,0,85040,0
91745,5622.399902,54013,0.104093457167719
91746,0,30485,0
91748,3146,45406,0.0692859974452715
91750,0,33249,0
91752,7445.200195,30047,0.247785143109129
91754,5418,32742,0.165475536008796
91755,1474.400024,27496,0.0536223459412278
91759,0,476,0
91761,0,56913,0
91762,12056,55857,0.215836869148003
91763,0,36375,0
91764,2557.5,54086,0.0472858040897829
91765,10212.7002,46457,0.219831246098543
91766,0,71599,0
91767,5367.399902,48068,0.111662642548057
91768,1062.599976,34537,0.0307670028085821
91769,6483.600098,-100,-100
91770,0,62097,0
91773,0,33119,0
91775,5923.599609,23988,0.246940120435218
91776,0,38475,0
91780,5205.199707,34332,0.151613646364907
91784,13275.59961,25938,0.511820479990747
91786,8243,51165,0.161106224958468
91788,0,-100,-100
91789,19721,43079,0.457786856705123
91790,4219.600098,44907,0.0939630814349656
91791,14670.2998,32414,0.452591466650213
91792,0,30854,0
91801,2191.5,52735,0.0415568408078126
91803,1721.599976,30322,0.05677725664534
91901,29332.19922,17403,1.68546797793484
91902,10276,17653,0.582110689401235
91903,0,-100,-100
91905,0,1700,0
91906,0,3627,0
91909,0,-100,-100
91910,22238.40039,75802,0.29337485013588
91911,14471.60059,82999,0.1743587343221
91913,7050.599609,40971,0.172087564594469
91914,8754.599609,15448,0.56671411244174
91915,0,24659,0
91916,0,1622,0
91917,0,992,0
91931,0,592,0
91932,5019.299805,25718,0.195166801656427
91934,0,737,0
91935,38358.19922,8624,4.4478431377551
91941,40913.60156,31779,1.28744144120331
91942,0,38069,0
91944,0,-100,-100
91945,4204.400391,25460,0.16513748589945
91948,0,78,0
91950,0,60322,0
91962,0,1646,0
91963,0,1118,0
91977,15814.80078,58368,0.270949848889803
91978,6242.799805,8896,0.701753575202338
92003,0,4746,0
92004,18382.19922,3881,4.73645947436228
92007,13654.80078,10429,1.30931065106913
92008,2235.800049,27649,0.0808636858114218
92009,30463.5,40747,0.747625592068128
92010,3317.400146,14382,0.23066333931303
92011,3746.400146,22405,0.167212682258424
92014,9994.400391,13154,0.759799330317774
92019,10715.10059,42598,0.251539992253157
92020,52784.69922,57767,0.913751782505583
92021,25808.59961,65068,0.396640431702219
92023,0,-100,-100
92024,19732.09961,49121,0.401703947598787
92025,27274.59961,49978,0.545732114330305
92026,4941,48922,0.100997506234414
92027,6496.200195,53881,0.120565694679015
92028,67739,46239,1.4649754536214
92029,12620,19021,0.663477209400137
92036,12103.59961,3440,3.51848825872093
92037,24092,46781,0.514995404117056
92040,34091.60156,41281,0.825842435018532
92049,0,-100,-100
92054,3241.800049,40375,0.0802922612755418
92056,3483,51835,0.0671939809009357
92057,10026.59961,54096,0.185348262533274
92058,0,42436,0
92059,0,1618,0
92061,4025.700195,2499,1.61092444777911
92064,60702.89844,47904,1.26717807364729
92065,119503.7031,35414,3.37447628339075
92066,0,378,0
92067,13139.2002,9535,1.37799687467226
92069,0,46369,0
92070,0,1245,0
92071,12444.7002,53422,0.232950847965258
92075,25281.59961,12056,2.0970139026211
92078,12105.40039,42906,0.282137705449121
92081,17683.59961,27404,0.645292643774631
92082,22533.90039,19037,1.18368967747019
92083,5367.600098,36975,0.145168359648411
92084,23543.59961,47654,0.494052956939606
92086,0,1573,0
92091,0,1048,0
92101,4679.200195,37095,0.126140994608438
92102,0,43267,0
92103,36123.5,31066,1.16279855790897
92104,8787,44414,0.197843022470392
92105,2635.199951,69813,0.0377465507999943
92106,5943.300293,19330,0.307465095344025
92107,5078.399902,28651,0.177250354333182
92108,0,18858,0
92109,47446,45787,1.03623299189726
92110,1323.600098,25341,0.0522315653683754
92111,9386.699219,45096,0.208149264214121
92112,0,-100,-100
92113,0,56066,0
92114,9370.799805,65433,0.143212137682821
92115,11637.60059,58560,0.198729518271858
92116,10869.40039,31680,0.343099759785354
92117,30320.69922,51332,0.590678314112055
92118,20441.59961,23575,0.867088000424178
92119,0,23057,0
92120,42902.5,26317,1.63022000987955
92121,15924.7998,4179,3.81067236180905
92122,9854.400391,43728,0.22535675976491
92123,16521.5,26823,0.615945270849644
92124,13048.59961,30443,0.428623972998719
92126,2856.599854,73343,0.0389485002522395
92127,28403.79883,39337,0.722063167755548
92128,3483,47490,0.0733417561591914
92129,29530.70117,51536,0.573011121740143
92130,41134.80078,48940,0.840514932161831
92131,4759.200195,32787,0.145155097904657
92139,0,35125,0
92154,1887.600098,79708,0.0236814384754353
92173,0,29429,0
92177,0,-100,-100
92199,0,-100,-100
92210,0,4677,0
92211,7492.800293,24294,0.308421844611838
92220,0,31638,0
92221,10735.2002,-100,-100
92223,0,43605,0
92225,5223.899902,24310,0.214886873796791
92234,18061.40039,51151,0.35309965377021
92240,14784.59961,34722,0.425799193882841
92241,0,8803,0
92252,0,9647,0
92256,0,3588,0
92260,85821.79688,31753,2.70279333858218
92262,46900.10156,26179,1.79151616028114
92263,0,-100,-100
92264,49406.40234,19383,2.54895539080638
92266,2505.600098,234,10.7076927264957
92268,0,574,0
92270,153654.2031,17220,8.92300831010453
92277,7558.200195,23911,0.316097201915436
92282,0,1239,0
92284,0,25095,0
92285,0,2632,0
92301,0,32725,0
92305,0,535,0
92307,60229.80078,37630,1.60057934573479
92308,23516,39837,0.590305494891684
92310,0,8845,0
92311,11135,31894,0.349125227315483
92313,0,12025,0
92314,0,10162,0
92316,9423.200195,30830,0.305650346902368
92317,0,-100,-100
92320,5575.899902,7788,0.715960439393939
92324,0,56505,0
92325,0,9391,0
92331,0,-100,-100
92332,0,65,0
92335,0,95397,0
92336,0,88419,0
92337,13671.90039,37849,0.361222235461967
92338,0,12,0
92340,0,-100,-100
92341,0,410,0
92342,0,6379,0
92344,0,20769,0
92345,0,78715,0
92346,0,54923,0
92347,0,1692,0
92350,0,-100,-100
92352,12272.40039,8004,1.53328340704648
92354,5611.5,21559,0.260285727538383
92356,0,6455,0
92358,0,707,0
92359,2712.599854,8103,0.334764883870172
92360,2892.599854,-100,-100
92363,0,5321,0
92364,0,90,0
92365,0,2637,0
92368,0,1113,0
92371,11395.80078,16763,0.679818694744378
92372,5259.600098,6220,0.845594871061093
92373,51164.80078,33423,1.5308261011878
92374,9800,40267,0.24337546874612
92376,7204,81516,0.0883752882869621
92377,1976.399902,19989,0.0988743760068038
92382,0,5268,0
92391,0,2534,0
92392,13675.7998,54858,0.249294538627001
92394,2483.700195,33237,0.0747269667840058
92395,0,42400,0
92397,0,4894,0
92398,8752.800781,1379,6.34720868817984
92399,19811.80078,52606,0.376607245941528
92401,0,1932,0
92404,0,58271,0
92405,0,28873,0
92407,0,56689,0
92408,0,15271,0
92410,0,49410,0
92411,0,26214,0
92501,0,20970,0
92503,7000,84519,0.0828216140749417
92504,10449,53778,0.194298783889323
92506,0,44001,0
92507,9350.400391,58002,0.161208240939968
92508,0,35000,0
92509,5950,75196,0.0791265492845364
92530,0,50216,0
92532,0,18644,0
92536,4322.400391,3810,1.13448829160105
92543,6820,33555,0.203248398152287
92544,44708.40234,44734,0.999427780659007
92545,0,39457,0
92546,0,-100,-100
92548,0,6643,0
92549,0,3926,0
92551,3483,30815,0.113029368813889
92553,0,73722,0
92554,0,-100,-100
92555,4257,39076,0.108941549800389
92557,8611.800781,50320,0.17114071504372
92561,0,1661,0
92562,51640.69922,62079,0.831854559835049
92563,33072,53892,0.613671788020485
92567,7730.799805,9459,0.817295676604292
92570,0,53697,0
92571,0,52516,0
92581,0,-100,-100
92582,0,15649,0
92583,10614.40039,30236,0.35105173931737
92584,11940,43400,0.275115207373272
92585,10273.7002,17797,0.577271461482272
92586,12569.7998,19815,0.634357799646732
92587,15109.2002,16675,0.906098962518741
92589,0,-100,-100
92590,0,3660,0
92591,22981,38272,0.600465091973244
92592,16312.90039,72492,0.225030353556255
92595,40385.30078,29851,1.35289607651335
92596,8769.5,23172,0.378452442603142
92602,0,22871,0
92603,22105.69922,20184,1.09520903785176
92604,3865.399902,26853,0.143946668975533
92605,6450.5,-100,-100
92606,4976.100098,21495,0.231500353477553
92607,0,-100,-100
92609,0,-100,-100
92610,0,11248,0
92612,0,27522,0
92614,9924.199219,24748,0.401010151082916
92617,3280.200195,14044,0.233565949515807
92618,0,16366,0
92620,0,38486,0
92624,0,7248,0
92625,0,12478,0
92626,28137.90039,49341,0.570274222046574
92627,20056.5,61510,0.326068931880995
92629,0,25756,0
92630,0,59182,0
92637,5151.300293,16012,0.321714982075943
92646,44949.30078,55224,0.813945038026945
92647,11723,57245,0.204786444230937
92648,5160.399902,45317,0.11387337868791
92649,13182.40039,32463,0.406074620028956
92650,0,-100,-100
92651,6741,23881,0.282274611615929
92652,2982,-100,-100
92653,12615.2998,29291,0.430688600594039
92655,0,8337,0
92656,0,49046,0
92657,0,9741,0
92660,0,34797,0
92661,0,3744,0
92662,0,2756,0
92663,0,21649,0
92672,10606.7998,34464,0.307764618152275
92673,0,29309,0
92675,0,34731,0
92676,0,1945,0
92677,7451.700195,63297,0.117725961656951
92678,0,494,0
92679,11920,32611,0.365520836527552
92683,12409,89747,0.138266460160228
92688,20285.90039,43792,0.463233019501279
92691,20111.19922,47582,0.422664016224623
92692,12149.7002,47222,0.257288979712846
92694,0,21944,0
92701,0,53908,0
92703,0,65445,0
92704,0,88123,0
92705,16918.30078,44706,0.37843467946137
92706,17594.59961,36457,0.482612381984255
92707,2580.199951,59492,0.0433705363914476
92708,18495.20117,56004,0.330247860331405
92727,0,-100,-100
92757,0,-100,-100
92780,7095.599609,57741,0.122886676867391
92782,3718,23032,0.161427579020493
92801,0,62068,0
92804,0,85914,0
92807,0,36171,0
92821,11813.40039,35533,0.332462792052458
92823,0,3613,0
92831,9946.200195,34204,0.290790556513858
92832,0,24752,0
92833,9834.400391,51767,0.189974315509881
92835,0,24010,0
92840,2505.600098,54083,0.0463287927444853
92841,2483.700195,32845,0.0756188215862384
92843,5306.399902,45214,0.117361876896536
92844,0,24307,0
92845,0,16333,0
92856,0,-100,-100
92860,0,27198,0
92861,3124,5781,0.540390935824252
92862,0,-100,-100
92865,0,19704,0
92866,0,14885,0
92867,7177.399902,44515,0.161235536380995
92868,0,25404,0
92869,21117.30078,37184,0.567913639737522
92870,12460.30078,52033,0.239469198008956
92877,5307.400391,-100,-100
92879,6556.200195,46745,0.140254576853139
92880,5897.600098,58763,0.100362474652417
92881,24676.09961,30991,0.796234378045239
92882,27714.19922,67917,0.408059826258521
92883,12771,29301,0.435855431555237
92885,0,-100,-100
92886,5405.399902,46564,0.116085385748647
92887,4644,20006,0.232130360891732
92911,0,-100,-100
92914,0,-100,-100
93001,3870.300049,32990,0.117317370384965
93003,36669.5,50474,0.726502753893093
93004,3317.400146,29149,0.113808368932039
93006,0,-100,-100
93010,28719.29883,42901,0.669431920701149
93012,50094.60156,34617,1.44710984660716
93013,14286.2002,16091,0.887837934248959
93015,6509.399902,17334,0.375527858659282
93020,0,-100,-100
93021,15351,36422,0.421476030970293
93022,0,6106,0
93023,89630.70313,20589,4.35332959978629
93030,6248,59372,0.105234790810483
93033,0,82728,0
93035,9329.599609,27732,0.336420006094043
93036,0,41691,0
93040,0,2031,0
93041,0,23641,0
93060,0,32811,0
93062,0,-100,-100
93063,11880.40039,54366,0.218526291983961
93065,56756.10156,72508,0.782756407017157
93066,6796.200195,3102,2.19090915377176
93067,0,895,0
93101,5037.799805,31683,0.159006401066818
93103,3096,20249,0.152896439330337
93105,5779.799805,24815,0.232915567398751
93106,0,-100,-100
93108,15154.2002,11112,1.36376891648668
93109,0,10858,0
93110,36289.30078,16829,2.15635514766177
93111,13172.5,17370,0.758347725964306
93117,15078,53217,0.283330514685157
93202,0,4143,0
93203,0,20938,0
93204,0,15529,0
93205,6292,2113,2.97775674396593
93206,0,2300,0
93207,0,263,0
93208,0,104,0
93210,5637.600098,19504,0.289048405352748
93212,0,26079,0
93215,0,55659,0
93219,0,10194,0
93221,22089.19922,14945,1.47803273469388
93222,0,2099,0
93223,0,10604,0
93225,0,5077,0
93226,0,282,0
93227,0,-100,-100
93230,55584.60156,65264,0.851688550502574
93235,0,4559,0
93238,8371.799805,1490,5.61865758724832
93240,7481.399902,6056,1.23536986492734
93241,0,17489,0
93242,5001.600098,3468,1.44221456113033
93244,7905.600098,534,14.8044945655431
93245,17736.69922,37412,0.474091179835347
93247,0,17423,0
93249,0,2739,0
93250,3146,13522,0.23265789084455
93252,0,4176,0
93255,0,614,0
93256,4311.899902,5753,0.749504589257779
93257,15259.2002,75004,0.203445152258546
93261,0,3099,0
93263,23694.80078,19582,1.21002965887039
93265,9540.800781,3699,2.57929191159773
93266,0,1587,0
93267,0,6237,0
93268,5270.399902,16897,0.311913351600876
93270,0,5837,0
93271,15475.7998,2276,6.79956054481547
93272,0,3583,0
93274,30718.30078,69721,0.440588929877655
93276,0,161,0
93277,27543.69922,50607,0.54426658802142
93280,0,27152,0
93282,0,-100,-100
93283,7794.299805,2040,3.82073519852941
93285,0,2536,0
93286,3036,9548,0.317972350230415
93290,6362.400391,-100,-100
93291,45694.5,52849,0.864623739332816
93292,37699.5,39032,0.965861344537815
93301,0,12248,0
93304,9140.400391,48731,0.187568496254951
93305,0,37601,0
93306,28953.90039,64587,0.448293006177714
93307,5552.200195,82658,0.0671707541314815
93308,42379.10156,52447,0.808036714397392
93309,19992.59961,58409,0.34228628481912
93310,5151.300293,-100,-100
93311,16756.19922,40829,0.410399451860197
93312,50661.80078,56741,0.8928605555066
93313,36841.39844,43553,0.845898065345671
93314,59870.90234,22393,2.67364365382039
93401,55230.69922,28033,1.97020294724075
93402,29832,14318,2.08353121944406
93405,13713.2002,35440,0.38694131489842
93420,75968.10156,28413,2.6737092725161
93422,9669.799805,31375,0.30820079059761
93423,0,-100,-100
93424,0,1261,0
93426,0,1401,0
93427,0,5505,0
93428,1879.200073,6314,0.297624338454229
93430,0,2972,0
93432,8923.199219,1384,6.44739827962428
93433,3664.399902,13162,0.278407529402826
93434,0,7110,0
93435,0,-100,-100
93436,0,54017,0
93440,0,2058,0
93441,4162.199707,1530,2.72039196535948
93442,3718,10789,0.344610251181759
93444,17980.30078,19244,0.934332819580129
93445,0,7173,0
93446,52549.19922,43714,1.20211372146223
93447,7665.599609,-100,-100
93449,5037,7657,0.657829437116364
93451,2772.800049,3779,0.733739097380259
93453,0,2899,0
93454,3578.400146,36448,0.0981782305201931
93455,6389,41684,0.153272238748681
93458,0,55431,0
93460,16983.59961,5255,3.23189336060894
93461,0,1623,0
93463,10202.40039,7646,1.33434480643474
93464,0,-100,-100
93465,33805,9153,3.69332459302961
93501,0,5467,0
93505,12832,14038,0.914090326257302
93510,14528.2998,7993,1.81762789941199
93512,0,277,0
93513,0,1763,0
93514,10292.5,13857,0.742765389333911
93516,0,2299,0
93517,0,670,0
93518,0,1146,0
93523,0,3074,0
93527,3718,2387,1.55760368663594
93531,0,509,0
93532,0,2932,0
93534,10803.2002,39341,0.274604107673928
93535,6614,72046,0.0918024595397385
93536,17029.10156,70918,0.240123826955075
93541,0,449,0
93543,4250,13033,0.326095296554899
93544,0,1259,0
93546,2651.400146,9567,0.277140184592871
93550,7295.299805,74929,0.0973628342163915
93551,31940.80078,50798,0.628780676010867
93552,8748,38158,0.229257298600556
93553,0,2138,0
93555,23675.19922,32560,0.727125283169533
93560,9301.599609,18910,0.491887869328398
93561,0,34630,0
93562,0,1818,0
93567,0,-100,-100
93591,0,7285,0
93601,0,1909,0
93602,14381.60059,3862,3.72387379337131
93603,0,222,0
93609,2985.600098,5640,0.529361719503546
93610,16975.59961,23833,0.712272882557798
93611,127390.6016,45614,2.79279610645854
93612,3686.400146,35351,0.104279939633957
93614,34697.39844,11661,2.97550797015693
93615,0,6042,0
93616,0,2627,0
93618,12504,28262,0.44243153350789
93619,290281.2188,28965,10.0217924667702
93620,0,9591,0
93621,0,464,0
93622,0,9581,0
93624,0,1134,0
93625,0,7313,0
93626,5744.700195,1359,4.22715246136865
93630,11799,19162,0.615749921720071
93631,13726.80078,15941,0.861100356313907
93635,7741.200195,38776,0.199638956957912
93636,28776.19922,11908,2.41654343466577
93637,16514.20117,37743,0.437543416527568
93638,19998,49068,0.407556859867938
93640,0,11880,0
93641,0,595,0
93643,23034,3171,7.2639545884579
93644,9879.599609,8637,1.14386935382656
93645,0,318,0
93646,0,10557,0
93647,0,11874,0
93648,0,15719,0
93650,22383.59961,4055,5.51999990382244
93651,8229.599609,1674,4.91612879868578
93652,0,415,0
93653,0,1229,0
93654,15908,29776,0.534255776464266
93656,4322.400391,6313,0.684682463329637
93657,34587.10156,34999,0.988231136889625
93660,0,4675,0
93662,6890.400391,30237,0.227879762906373
93664,0,585,0
93666,0,692,0
93667,6864,2604,2.63594470046083
93668,0,1118,0
93675,0,3721,0
93701,0,12529,0
93702,3535.200195,48607,0.0727302691999095
93703,0,31868,0
93704,24834.10156,27156,0.914497774340845
93705,4557.600098,36703,0.124175138217584
93706,10022.40039,41087,0.243931179935259
93710,33236.80078,30202,1.10048343752069
93711,43340.69922,36731,1.17994879584003
93712,0,-100,-100
93720,65259.20313,45191,1.44407521696798
93722,45486.10156,76448,0.594994003244035
93723,0,9547,0
93725,5662.800293,24979,0.226702441771088
93726,0,40705,0
93727,49502.39844,71820,0.689256452798663
93728,0,15743,0
93730,4376.399902,9941,0.440237390805754
93737,0,-100,-100
93901,0,26863,0
93905,0,61087,0
93906,0,59461,0
93907,7470.599609,21726,0.343855270597441
93908,11803.7998,13043,0.904991167676148
93920,0,1369,0
93921,1115.399902,3281,0.33995730021335
93923,21021.40039,12073,1.74119111985422
93924,19355.40039,6279,3.08256097945533
93925,0,1671,0
93926,0,8726,0
93927,4214.700195,17547,0.240194916224996
93930,0,15866,0
93932,0,592,0
93933,10808.7002,22406,0.482402044095332
93940,25719.5,31615,0.813522062312194
93950,1370.399902,15046,0.0910806793832248
93953,0,4509,0
93955,0,33359,0
93960,0,27080,0
93962,0,673,0
94002,19112.09961,25992,0.735307002539243
94005,0,4282,0
94010,20030.59961,40737,0.491705319733903
94014,0,47014,0
94015,0,60927,0
94018,3240.600098,-100,-100
94019,12380,18424,0.671949630916196
94020,5367.600098,1559,3.44297632969852
94021,0,192,0
94022,166796.2969,18500,9.01601604864865
94024,140299.0938,22385,6.2675494214876
94025,105862.3984,40526,2.61220940630706
94027,47372.89844,7089,6.6825925292707
94028,69718.60156,6534,10.6701257361494
94030,9238.400391,21536,0.428974758125929
94035,6928,-100,-100
94037,4216.799805,2913,1.4475797476828
94038,0,3040,0
94040,232147.7031,32996,7.03563168565887
94041,122229.2031,13292,9.19569689286789
94043,62193.5,28358,2.19315537061852
94044,6607,37296,0.177150364650365
94060,2284,1554,1.46975546975547
94061,19233.09961,36245,0.530641457028556
94062,114875.5938,25876,4.43946490183954
94063,4088.700195,30949,0.132110898413519
94065,6165.400391,11359,0.542776687296417
94066,7420.800293,41130,0.180423055993192
94070,54262.19922,29166,1.86046078378934
94080,8136.399902,63975,0.127180928518953
94085,11724,21247,0.551795547606721
94086,24258.59961,45697,0.530857596997615
94087,119009.2969,54293,2.19198233473929
94089,0,19245,0
94101,3483,-100,-100
94102,0,31176,0
94103,3096,27170,0.113949208686051
94104,0,406,0
94107,6919.700195,26599,0.260148885108463
94108,3870,13768,0.28108657757118
94109,3036,55984,0.0542297799371249
94110,9514.799805,69333,0.13723334927091
94112,3096,79407,0.0389890060070271
94114,18996.30078,31124,0.610342526024933
94115,7250.099609,33021,0.219560267980982
94116,1887.600098,43698,0.0431964872076525
94117,14645,39169,0.373892619163114
94118,20515.80078,38319,0.535394994128239
94119,0,-100,-100
94121,0,41203,0
94122,0,56023,0
94123,10985,23088,0.475788288288288
94124,5085.200195,33996,0.149582309536416
94127,17666.19922,19289,0.915869107781637
94131,3724.200195,26881,0.138543960232134
94132,2516.800049,28129,0.0894734988446088
94133,0,26237,0
94134,3572,40798,0.0875533114368351
94139,0,-100,-100
94303,3718,45467,0.0817735940352343
94304,0,3627,0
94305,44318.69922,13862,3.19713599913432
94401,1258.400024,34429,0.0365505830549827
94402,27319.90039,23981,1.13923107418373
94403,22797.09961,39642,0.575074406185359
94404,12309,33749,0.36472191768645
94422,0,-100,-100
94503,0,19681,0
94505,0,13403,0
94506,32876.89844,22452,1.46431936753964
94507,66065.30469,14889,4.43718884344147
94508,5943.300293,3661,1.62340898470363
94509,20894.20117,62439,0.334633821329618
94510,17291.19922,27088,0.638334288984052
94511,0,2137,0
94512,0,108,0
94513,51617.90234,54605,0.945296261148246
94514,3376,1360,2.48235294117647
94515,0,7050,0
94517,16469.40039,12385,1.32978606297941
94518,31239.30078,26778,1.16660321084472
94519,3470.400146,18453,0.188066988890695
94520,7308.799805,37208,0.196430869839819
94521,22325,41249,0.541225241824044
94522,0,-100,-100
94523,55089.70313,33569,1.64108859751556
94525,0,3127,0
94526,32511.09961,31102,1.04530575557842
94528,0,964,0
94530,12214.7998,23877,0.511571797126942
94531,13277.2998,40290,0.329543306031273
94533,22580.20117,69277,0.325940805317782
94534,11673,36416,0.320545913884007
94536,18376.19922,68790,0.267134746620148
94538,5477,61148,0.0895695689147642
94539,37727.19922,50031,0.754076456996662
94540,0,-100,-100
94541,5908.799805,61635,0.0958676045266488
94542,7155,12717,0.562632696390658
94543,0,-100,-100
94544,4486.700195,73026,0.0614397638512311
94545,0,29707,0
94546,51123.69922,42209,1.21120375322798
94547,4423.200195,24092,0.183596222605014
94548,0,412,0
94549,117028.7031,26864,4.35633945428827
94550,84581.60156,46896,1.80359948737632
94551,28809.20117,36867,0.781436004285676
94552,49024.60156,14454,3.39176709284627
94553,48569.80078,47065,1.03197282014236
94555,5500.799805,34143,0.161110617256832
94556,59351.19922,15229,3.89724861908201
94558,47158.60156,66830,0.705650180457878
94559,25786.40039,27184,0.948587418702178
94560,25284,42573,0.593897540694807
94561,31591,36515,0.865151307681775
94562,0,-100,-100
94563,89907.89844,17672,5.08759045043006
94564,5784.600098,18287,0.316323076393066
94565,4257,84641,0.0502947744001134
94566,59977.09766,40884,1.46700659573427
94567,0,623,0
94568,15312.40039,46016,0.33276252586057
94571,0,7911,0
94572,0,8684,0
94573,8564.399414,94,91.1106320638298
94574,17900.79883,8742,2.04767774307939
94576,0,164,0
94577,8363.200195,45560,0.183564534569798
94578,2202,38558,0.0571087712018258
94579,0,20571,0
94580,5776.600098,27152,0.212750445565704
94582,37795.19922,38537,0.980750946363235
94583,34686.60156,34859,0.995054406609484
94585,3602,28263,0.127445777164491
94586,4821.300293,925,5.21221653297297
94587,3623.399902,69516,0.0521232507911848
94588,19189.59961,30842,0.622190506776474
94589,0,29876,0
94590,0,35420,0
94591,8274.299805,53042,0.155995245371592
94592,0,742,0
94595,8685,16425,0.528767123287671
94596,24557.69922,20037,1.22561756849828
94597,14306.09961,20277,0.705533343689895
94598,38607.69922,25818,1.49537916259974
94599,10542,3021,3.48957298907646
94601,10870.7998,50294,0.216145063029387
94602,26630.40039,28329,0.940040255215503
94603,5151.700195,31403,0.164051211508455
94605,2539.199951,39016,0.0650809911574739
94606,0,36672,0
94607,0,24978,0
94608,3503,28019,0.125022306292159
94609,3535.399902,20596,0.171654685472907
94610,36801,29287,1.25656434595554
94611,31283.90039,36565,0.855569544373034
94612,0,14389,0
94618,25107.80078,16046,1.56473892434252
94619,23919.69922,23299,1.02664059487532
94621,0,29870,0
94691,0,-100,-100
94701,0,-100,-100
94702,5858,15979,0.366606170598911
94703,9956.799805,19846,0.50170310415197
94704,10492.59961,25592,0.409995295795561
94705,36730.10156,12762,2.87808349475004
94706,4068.899902,19615,0.207438180066276
94707,40797.10156,11710,3.48395401878736
94708,15450.40039,10985,1.40649980791989
94709,6867.200195,11806,0.581670353633746
94710,4473,6948,0.643782383419689
94801,12194,29395,0.414832454499064
94803,10256.7998,24904,0.411853509476389
94804,3429,38559,0.0889286547887653
94805,12688.2002,13648,0.929674692262603
94806,0,59861,0
94901,71014.89844,41157,1.72546343125106
94903,34523.39844,29040,1.18882226033058
94904,76793.79688,11995,6.40215063609837
94914,0,-100,-100
94920,44729.10156,12474,3.58578656084656
94922,0,425,0
94923,1205.599976,1411,0.854429465627215
94924,2025.600098,1638,1.2366300964591
94925,8872,9253,0.958824165135632
94926,0,-100,-100
94928,9109.099609,43170,0.211005318716701
94929,0,264,0
94930,23265,8500,2.73705882352941
94931,2512.399902,8470,0.296623365053129
94933,0,865,0
94937,2948.800049,837,3.52305860095579
94938,0,812,0
94939,6135,6859,0.894445254410264
94940,0,268,0
94941,91065.60156,30496,2.9861490543022
94942,0,-100,-100
94945,20352.80078,17167,1.1855770245238
94946,3853.5,699,5.51287553648069
94947,19352,24283,0.7969361281555
94949,0,17202,0
94950,2602.800049,89,29.2449443707865
94951,10916.2998,4124,2.64701741028128
94952,39456.60156,32858,1.20082176517134
94954,14179.40039,37365,0.37948348427673
94956,9651.200195,1756,5.4961276736902
94957,0,1332,0
94960,35826.39844,15740,2.27613713087675
94963,4423.200195,569,7.77363830404218
94964,4759.200195,5094,0.934275656654888
94965,9583.599609,10847,0.883525362680926
94970,4404,683,6.44802342606149
94972,0,52,0
94973,0,1429,0
94978,0,-100,-100
95001,5064,-100,-100
95002,0,2077,0
95003,44896.69922,23974,1.87272458580128
95004,14009.2002,3918,3.57559984686064
95005,6428.400391,6311,1.01860250213912
95006,15546.40039,8979,1.73141779596837
95007,7700,676,11.3905325443787
95008,60952.19922,45260,1.34671231153336
95010,9985.599609,9137,1.09287508033271
95012,0,10320,0
95014,78185.29688,60717,1.28770026318823
95015,0,-100,-100
95017,0,834,0
95018,0,7778,0
95019,0,7727,0
95020,39080.30078,57349,0.681446943800241
95023,18179,48841,0.372207776253557
95024,0,-100,-100
95028,2946,-100,-100
95030,22809.59961,12791,1.78325381987335
95032,61162.40234,25089,2.43781746343019
95033,54974.89844,9372,5.86586624413146
95035,21222,66943,0.317015968809286
95037,49169.60156,45579,1.07877754141161
95041,0,160,0
95043,0,639,0
95045,3746.400146,4046,0.925951593178448
95046,5199,6417,0.810191678354371
95050,8527.5,35923,0.237382735294936
95060,103726,46377,2.23658278888242
95062,70063.89844,36079,1.94195788242468
95063,0,-100,-100
95064,0,7331,0
95065,27811.19922,8113,3.4279796893874
95066,24940.90039,14749,1.69102314665401
95070,142971.7969,30617,4.66968667406996
95073,43599.40234,10154,4.29381547567461
95075,0,331,0
95076,80185,82474,0.972245798675946
95101,19355,-100,-100
95110,0,18730,0
95111,3214.200195,58466,0.0549755446755379
95112,11996.7002,55927,0.214506413717882
95116,6446.299805,51496,0.125180592764487
95117,6307.200195,30067,0.209771516779193
95118,17528.30078,31932,0.548925866842039
95119,9488.399414,9970,0.951695026479438
95120,63464.30078,37457,1.69432417919214
95121,14823.59961,37469,0.395623037978062
95122,0,56545,0
95123,17584.59961,62228,0.282583396702449
95124,39851.39844,47082,0.846425352363961
95125,95804.60156,51939,1.84455999460906
95126,8151.399902,31049,0.262533411768495
95127,11592,61325,0.189025682837342
95128,20012.59961,34836,0.574480411356068
95129,21719.40039,38720,0.560934927427686
95130,4404.399902,13911,0.316612745453238
95131,2062.199951,28565,0.072193241764397
95132,17601.09961,40299,0.436762689148614
95133,2683.800049,25401,0.105657259517342
95135,24796.5,20120,1.23243041749503
95136,13867,42989,0.322570890227733
95138,17714.40039,18889,0.93781568055482
95139,9937.299805,6748,1.47262889819206
95140,0,191,0
95141,0,-100,-100
95148,6706.599609,45528,0.147307143054823
95151,0,-100,-100
95201,8433.599609,-100,-100
95202,0,6521,0
95203,0,15696,0
95204,5577,27786,0.200712589073634
95205,0,38069,0
95206,0,65004,0
95207,6742.200195,47965,0.140564999374544
95209,4979,39488,0.126088938411669
95210,0,39009,0
95212,4216.799805,25239,0.167074757518127
95215,7730.799805,23224,0.332879771141922
95219,18117.90039,27884,0.64975973282169
95220,6966,7273,0.957789082909391
95221,0,-100,-100
95222,5160.399902,5292,0.975132256613757
95223,0,4612,0
95224,0,429,0
95225,9747.599609,672,14.5053565610119
95226,2725.199951,84,32.4428565595238
95227,0,941,0
95228,7135.199707,3976,1.79456733073441
95229,0,-100,-100
95230,7138.800293,718,9.94261879247911
95231,0,4374,0
95232,0,304,0
95236,0,4223,0
95237,0,3167,0
95240,21700.60156,47172,0.460031407614687
95242,0,25393,0
95243,0,-100,-100
95245,0,2277,0
95246,3727.5,1615,2.30804953560372
95247,0,4368,0
95248,0,301,0
95249,1789.200073,4042,0.442652170460168
95251,0,767,0
95252,4054.600098,13460,0.301233291084695
95254,0,480,0
95255,0,2042,0
95258,0,4018,0
95301,58838.90234,37073,1.58710928006905
95303,0,912,0
95304,11058,15706,0.704062141856615
95306,0,970,0
95310,0,1882,0
95311,0,2197,0
95312,0,268,0
95316,0,6573,0
95317,0,817,0
95318,0,541,0
95320,0,12819,0
95321,4087.799805,3736,1.09416483003212
95322,0,8942,0
95325,0,81,0
95327,0,9806,0
95329,7372,2460,2.99674796747967
95330,5662.800293,17853,0.317190404581863
95333,0,2942,0
95334,11753.39941,15457,0.760393311121175
95336,16581.19922,42675,0.388545968834212
95337,3856.799805,31557,0.122216934594543
95338,0,11062,0
95340,40471,33931,1.19274409831717
95341,0,32967,0
95345,0,708,0
95346,0,1272,0
95347,0,-100,-100
95348,0,30805,0
95360,0,11712,0
95361,47219.80078,31610,1.49382476368238
95362,11610,-100,-100
95363,0,25237,0
95365,0,4985,0
95366,0,16575,0
95367,6292,23173,0.271522893022052
95369,0,1099,0
95370,20617.19922,26803,0.769212372495616
95372,0,1963,0
95374,0,2030,0
95376,27264,49859,0.546822038147576
95377,26795.09961,30902,0.867099204258624
95379,15505,3898,3.9776808619805
95383,0,3937,0
95387,0,636,0
95388,0,13074,0
95389,0,1272,0
95401,30363.69922,36981,0.821062145966848
95403,4648.400391,45164,0.102922690439288
95404,38004.5,39761,0.955823545685471
95405,28251.89844,21399,1.32024386373195
95407,6288.799805,39352,0.159808899293556
95409,26228.09961,27187,0.964729451943944
95410,0,950,0
95412,0,401,0
95415,0,1592,0
95417,0,297,0
95418,7000,-100,-100
95419,0,-100,-100
95420,2580.199951,374,6.89893035026738
95421,0,1592,0
95422,1976.399902,15585,0.126814238177735
95423,2635.199951,3747,0.703282613023752
95425,9774.900391,10841,0.901660399501891
95426,0,2147,0
95428,0,2516,0
95429,0,70,0
95432,0,426,0
95436,4383.799805,5418,0.809117719638243
95437,0,14799,0
95439,0,675,0
95441,0,2014,0
95442,8182.199707,3178,2.57463804499685
95444,0,748,0
95445,4419,2093,2.11132345914955
95446,0,4750,0
95448,52645.5,16852,3.12399121765963
95449,0,1507,0
95450,0,387,0
95451,23310.59961,11213,2.07889053866048
95452,8431,1393,6.05240488155061
95453,11552.59961,11256,1.02635035625444
95454,0,2556,0
95456,0,795,0
95457,0,2893,0
95458,0,3104,0
95459,0,504,0
95460,0,2285,0
95461,8137.799805,3413,2.38435388368005
95462,2230.799805,1417,1.57431178899083
95463,0,169,0
95464,0,2673,0
95465,0,2083,0
95466,0,946,0
95467,0,5498,0
95468,0,1258,0
95469,0,1767,0
95470,2284.099854,6032,0.378663768899204
95472,78362.39844,28255,2.77339934312511
95476,81888,35394,2.31361247669096
95482,2076,31808,0.0652665995975855
95485,0,2557,0
95488,8644.800781,280,30.8742885035714
95490,8156.800293,13264,0.614957802548251
95492,8828.599609,28532,0.309427996950792
95493,0,198,0
95494,0,139,0
95497,0,1305,0
95501,0,23976,0
95503,0,24152,0
95518,0,-100,-100
95519,1519.200073,17432,0.0871500730266177
95521,0,20199,0
95524,0,1787,0
95525,0,1733,0
95526,0,378,0
95527,0,627,0
95536,0,2849,0
95540,0,13657,0
95542,0,2533,0
95547,0,1222,0
95549,0,805,0
95553,0,1062,0
95558,0,425,0
95560,0,1648,0
95562,0,3450,0
95563,0,652,0
95570,0,2579,0
95573,0,1744,0
95589,0,1612,0
95601,0,198,0
95602,36565.30078,17509,2.0883717391056
95603,18517.59961,27844,0.66504811126275
95605,7293.700195,14179,0.514401593553847
95606,3962.200195,196,20.2153071173469
95607,6118.899902,431,14.1969835313225
95608,0,59418,0
95612,0,1239,0
95613,0,-100,-100
95614,0,3833,0
95616,101216.7031,47032,2.15208162740262
95618,52564.20313,27281,1.92676966130274
95619,3241.800049,4842,0.66951673874432
95620,17885.59961,20553,0.870218440616942
95623,0,3806,0
95626,0,5975,0
95627,3775.200195,3513,1.07463711784799
95629,0,832,0
95631,0,6076,0
95632,0,29269,0
95633,4644,3349,1.38668259181845
95634,0,3232,0
95635,0,1262,0
95636,0,1101,0
95637,0,370,0
95640,0,11353,0
95641,0,1986,0
95642,18885.80078,7164,2.63620893076494
95648,107408.1016,47354,2.2681949064493
95650,38910.10156,12447,3.1260626303527
95651,0,637,0
95653,0,527,0
95656,0,-100,-100
95658,39401.40234,6285,6.26911731742243
95659,0,702,0
95661,0,29791,0
95662,0,31558,0
95663,3038.400146,2377,1.27824995624737
95664,0,1380,0
95665,0,4426,0
95666,10158,5336,1.90367316341829
95667,42860.90234,36726,1.16704520884387
95668,0,815,0
95669,0,2443,0
95672,20572.20117,4773,4.31011966687618
95674,0,935,0
95675,4322.400391,381,11.3448829160105
95677,29207.30078,23333,1.25175934427635
95678,10265.7002,41192,0.249215872013983
95679,0,55,0
95681,0,1226,0
95682,63947.60156,29114,2.1964553671773
95684,0,3422,0
95685,0,4680,0
95687,21432.5,65096,0.329244500430134
95688,29002.80078,34379,0.843619674219727
95689,0,1244,0
95690,0,2533,0
95691,38207.39844,34737,1.09990495552293
95692,2635.199951,4769,0.552568662403019
95694,26378.40039,9156,2.88099611074705
95695,46320.19922,37946,1.22068727191272
95696,0,-100,-100
95697,0,425,0
95698,0,236,0
95699,0,154,0
95703,3602,897,4.01560758082497
95709,0,4772,0
95713,15297.40039,9495,1.61110062032649
95714,0,382,0
95717,0,231,0
95722,6676.799805,4585,1.45622678407852
95726,0,8842,0
95746,63183.60156,21460,2.94424983970177
95747,0,51870,0
95762,43153.19922,38797,1.11228185736011
95765,33493.5,33974,0.985856831694825
95776,16195.40039,21902,0.739448470002739
95837,0,315,0
95901,41658.89844,31314,1.33036017244683
95912,0,4685,0
95913,0,-100,-100
95914,0,578,0
95915,0,44,0
95916,0,1441,0
95917,6634.800293,3155,2.10294779492868
95918,25635.19922,2339,10.959897058572
95919,0,1378,0
95920,0,274,0
95926,45236.30078,37725,1.19910671385023
95927,0,-100,-100
95928,67668.29688,36511,1.85336739284051
95932,3346.199951,7718,0.433557910209899
95934,0,274,0
95935,4068.899902,631,6.44833581933439
95937,0,1491,0
95938,14206.80078,3787,3.75146574597307
95939,0,604,0
95942,0,1301,0
95943,0,879,0
95945,59696,25199,2.36898289614667
95946,7240.399902,9790,0.739570980796731
95947,0,1899,0
95948,0,10810,0
95949,35293.60156,19741,1.78783250899144
95950,0,569,0
95951,4698,2601,1.80622837370242
95953,2712.599854,10718,0.253088249113641
95954,0,12251,0
95955,0,1517,0
95956,0,401,0
95957,0,761,0
95958,0,-100,-100
95959,32292.90039,17838,1.81034310965355
95960,0,796,0
95961,6947.900391,26510,0.262086020030177
95962,0,1567,0
95963,39464.39844,15493,2.54724058865294
95965,10662.39941,20384,0.523076894132653
95966,28990.5,30643,0.946072512482459
95967,0,-100,-100
95968,0,1412,0
95969,23507.80078,27549,0.853308678354931
95970,0,530,0
95971,0,5970,0
95973,105568.6016,31957,3.30345782144757
95974,0,8,0
95975,0,1769,0
95977,0,1678,0
95982,0,3221,0
95983,0,428,0
95984,0,120,0
95987,0,5992,0
95988,0,8857,0
95991,15860.7998,40593,0.390727460399576
95993,47085.10156,36067,1.30548982615687
96001,91946.70313,33865,2.71509532349033
96002,16605.80078,33298,0.4987026482071
96003,21765.19922,44461,0.489534630800027
96007,21549.69922,22841,0.943465663499847
96008,3124,1231,2.53777416734362
96013,0,4212,0
96016,0,366,0
96019,0,10082,0
96021,13049.40039,16097,0.810672820401317
96022,26562,15768,1.68455098934551
96028,0,1464,0
96029,0,124,0
96035,0,3324,0
96040,0,341,0
96047,0,1004,0
96051,3317.400146,1139,2.91255500087796
96055,0,3935,0
96056,0,1642,0
96059,0,688,0
96062,0,1105,0
96065,0,357,0
96069,3317.400146,982,3.37820788798371
96073,14048.40039,4082,3.44154835619794
96074,0,260,0
96076,0,166,0
96078,0,-100,-100
96080,20260.90039,28764,0.70438396572104
96087,0,600,0
96088,3146,4506,0.698180204172215
96092,0,496,0
96096,0,695,0
96137,0,3297,0
96608,2027.300049,-100,-100
98665,0,-100,-100
