ZIPCODE,TREND2007,POPULATION,RATIO
90001,0,54480,0.0
90002,0,48613,0.0
90008,0,33754,0.0
90022,0,68657,0.0
90023,0,45663,0.0
90038,0,30225,0.0
90040,0,12692,0.0
90043,7932,43761,0.181257283882909
90046,0,49937,0.0
90047,0,47857,0.0
90048,0,20793,0.0
90049,0,36107,0.0
90056,0,8628,0.0
90061,0,26621,0.0
90063,0,53994,0.0
90066,0,56107,0.0
90069,0,20328,0.0
90201,0,101647,0.0
90209,0,-100,-100
90210,14649.59961,21517,0.680838388715899
90211,0,7889,0.0
90212,5713.199707,12306,0.464261312124167
90213,9372,-100,-100
90220,0,50947,0.0
90221,0,51350,0.0
90222,0,30990,0.0
90230,11942,32508,0.367355727820844
90232,3758.400146,15248,0.246484794464848
90233,0,-100,-100
90240,7090.400391,25258,0.280718995605353
90241,0,43786,0.0
90242,4713.600098,42763,0.110226132357412
90245,0,16678,0.0
90247,3829.800049,46590,0.0822021903627388
90248,0,9904,0.0
90249,2555.199951,26790,0.0953788708846585
90250,9675.299805,93925,0.103010910886345
90254,0,19535,0.0
90255,0,75961,0.0
90260,0,35014,0.0
90262,0,69734,0.0
90263,0,1847,0.0
90264,0,-100,-100
90265,29877.30078,17749,1.68332304805905
90266,18670.30078,35226,0.530014783966388
90274,9820,25387,0.386812147949738
90275,25786.90039,41903,0.61539508841849
90277,0,33972,0.0
90278,3775.200195,40867,0.0923777178408006
90280,0,94703,0.0
90290,5270.399902,6983,0.754747229271087
90301,0,37165,0.0
90302,4919.600098,30344,0.162127606709728
90303,0,25828,0.0
90304,0,27198,0.0
90305,0,14896,0.0
90401,7149.200195,6766,1.05663615060597
90402,6098.799805,12351,0.493789960731924
90403,7596,24286,0.312772790908342
90404,1983,20739,0.0956169535657457
90405,31549.30078,28114,1.12219181831116
90406,0,-100,-100
90501,4360.399902,42363,0.102929440832802
90502,0,16845,0.0
90503,0,46253,0.0
90504,2651.400146,31650,0.0837725164612954
90505,0,36135,0.0
90601,9967.200195,32630,0.305461237971192
90602,5306.399902,25923,0.204698526482274
90603,0,19933,0.0
90604,0,40483,0.0
90605,19846.60156,40698,0.487655451373532
90606,0,32998,0.0
90620,0,44295,0.0
90621,0,35994,0.0
90623,7924.899902,15528,0.510361920530654
90630,22947.79883,48292,0.475188412780585
90631,8514,67929,0.125336748664046
90637,0,-100,-100
90638,0,49062,0.0
90640,0,62965,0.0
90650,0,105603,0.0
90657,0,-100,-100
90660,0,63106,0.0
90670,2100,15265,0.137569603668523
90680,0,30369,0.0
90700,0,-100,-100
90701,0,16597,0.0
90703,3832.799805,49551,0.0773506045286674
90704,0,3999,0.0
90706,0,76619,0.0
90710,0,27486,0.0
90711,0,-100,-100
90712,0,31334,0.0
90713,2653.199951,27562,0.0962629689790291
90715,0,21129,0.0
90716,0,14203,0.0
90717,3654.399902,21347,0.17119032660327
90720,1976.399902,21710,0.0910363842468908
90723,0,54255,0.0
90731,0,59270,0.0
90740,0,23789,0.0
90742,0,968,0.0
90743,0,411,0.0
90745,7665.599609,58090,0.131960743828542
90746,0,25861,0.0
90755,0,10994,0.0
90801,0,-100,-100
90802,0,39017,0.0
90803,5504.400391,30855,0.17839573459731
90804,0,41094,0.0
90805,0,93117,0.0
90806,2683.800049,42873,0.0625988395726914
90807,7092,32176,0.220412729985082
90808,14446.5,39064,0.369816199057956
90810,0,36935,0.0
90813,0,58719,0.0
90814,5470.5,18633,0.293592014168411
90815,10165.5,40502,0.250987605550343
90914,0,-100,-100
91001,32141,38066,0.8443492880786
91006,8808,32339,0.272364637125452
91007,13376.19922,33836,0.395324483390472
91008,0,1122,0.0
91010,3870.300049,24913,0.1553526291093
91011,27391.59961,20468,1.33826458911472
91016,5577,41610,0.134030281182408
91020,0,8462,0.0
91024,10327.5,10939,0.94409909498126
91030,24907.40039,25603,0.972831324063586
91101,0,21545,0.0
91104,0,36961,0.0
91107,2202,31737,0.0693827393893563
91108,1620.900024,13297,0.121899678423705
91214,0,31479,0.0
91301,50269,25834,1.94584655879848
91302,19742.19922,24910,0.792541116820554
91304,0,52907,0.0
91307,4644,24983,0.185886402753873
91310,2580.199951,-100,-100
91311,0,37945,0.0
91319,2580.199951,-100,-100
91320,74007.10156,45433,1.62892834635617
91321,5361,35148,0.152526459542506
91326,4644,35691,0.130116836177188
91340,1545,35207,0.0438833186582214
91342,0,89001,0.0
91350,30934.90039,34293,0.902076236841338
91351,7372,31936,0.230836673346693
91354,9555.700195,28392,0.336563123238941
91355,17423.19922,33203,0.524747740264434
91360,31145.40039,42937,0.725374394811002
91361,13962.59961,19731,0.707647844001824
91362,42234.19922,35485,1.19019865351557
91364,4228.200195,25947,0.162955262458088
91377,7939.799805,14423,0.550495722457186
91381,39289.69922,19673,1.99713817008082
91384,16785,29155,0.575716000685989
91387,44732.39844,40375,1.10792318117647
91390,62305,20050,3.1074812967581
91701,12025.7998,40553,0.296545256824403
91702,7604.100098,60284,0.126137948676266
91706,0,77028,0.0
91708,0,3840,0.0
91709,12184.40039,75211,0.162002903697597
91710,27302.59961,80801,0.337899278598037
91711,37172.39844,35857,1.03668456479906
91714,0,-100,-100
91722,0,35408,0.0
91723,0,18713,0.0
91724,5009,24935,0.200882293964307
91729,0,-100,-100
91730,0,65610,0.0
91731,0,29703,0.0
91732,0,61832,0.0
91733,2128.5,43902,0.0484829848298483
91737,9717,24254,0.400634946812897
91739,42940.60156,35770,1.20046411965334
91740,0,26115,0.0
91741,0,25282,0.0
91744,0,83182,0.0
91745,5622.399902,56370,0.0997409952456981
91746,0,31086,0.0
91748,3146,46946,0.0670131640608359
91750,0,33906,0.0
91752,7445.200195,29664,0.250984364718177
91754,5418,33052,0.16392351446206
91755,1474.400024,27334,0.0539401486793005
91759,0,274,0.0
91761,0,59844,0.0
91762,12056,54406,0.221593206631622
91763,0,36739,0.0
91764,2557.5,54397,0.0470154604114197
91765,10212.7002,47433,0.215307912213016
91766,0,70447,0.0
91767,5367.399902,49808,0.107761803364921
91768,1062.599976,36191,0.0293608901660634
91769,6483.600098,-100,-100
91770,0,61836,0.0
91773,0,33273,0.0
91775,5923.599609,24775,0.239095846982846
91776,0,37716,0.0
91780,5205.199707,34877,0.149244479370359
91784,13275.59961,26457,0.501780232452659
91786,8243,51439,0.160248060809891
91788,0,-100,-100
91789,19721,42332,0.465865066616271
91790,4219.600098,44631,0.0945441531222693
91791,14670.2998,32226,0.455231794203438
91792,0,31338,0.0
91801,2191.5,53964,0.0406104069379586
91803,1721.599976,29571,0.0582192004328565
91901,29332.19922,17034,1.72197952448045
91902,10276,17659,0.581912905600544
91903,0,-100,-100
91905,0,1088,0.0
91906,0,3679,0.0
91909,0,-100,-100
91910,22238.40039,73761,0.301492664009436
91911,14471.60059,82708,0.174972198457223
91913,7050.599609,40698,0.173241918742936
91914,8754.599609,16200,0.540407383271605
91915,0,25172,0.0
91916,0,1566,0.0
91917,0,560,0.0
91931,0,377,0.0
91932,5019.299805,25640,0.195760522815913
91934,0,364,0.0
91935,38358.19922,8171,4.69443143066944
91941,40913.60156,31582,1.29547215375847
91942,0,38719,0.0
91944,0,-100,-100
91945,4204.400391,25523,0.164729866826
91948,0,57,0.0
91950,0,60283,0.0
91962,0,1071,0.0
91963,0,1193,0.0
91977,15814.80078,60769,0.260244545409666
91978,6242.799805,9003,0.693413285016106
92003,0,4000,0.0
92004,18382.19922,2637,6.9708756996587
92007,13654.80078,11135,1.22629553480018
92008,2235.800049,26746,0.0835938102520003
92009,30463.5,41210,0.739225916039796
92010,3317.400146,14695,0.225750265124192
92011,3746.400146,22416,0.167130627498216
92014,9994.400391,13247,0.754465191439571
92019,10715.10059,43676,0.245331545700156
92020,52784.69922,56807,0.929193571566884
92021,25808.59961,64441,0.400499675827501
92023,0,-100,-100
92024,19732.09961,48725,0.404968693894305
92025,27274.59961,48567,0.561587077851216
92026,4941,49309,0.100204830761119
92027,6496.200195,55129,0.117836351013078
92028,67739,48103,1.40820738831258
92029,12620,19823,0.636634212783131
92036,12103.59961,3202,3.7800123703935
92037,24092,41746,0.577109184113448
92040,34091.60156,42232,0.807245727410494
92049,0,-100,-100
92054,3241.800049,42688,0.0759417177895427
92056,3483,51142,0.0681044933713973
92057,10026.59961,54274,0.184740384161845
92058,0,45685,0.0
92059,0,1301,0.0
92061,4025.700195,2301,1.74954376140808
92064,60702.89844,48208,1.25918723946233
92065,119503.7031,36341,3.28839886354256
92066,0,277,0.0
92067,13139.2002,7524,1.74630518341308
92069,0,45362,0.0
92070,0,1244,0.0
92071,12444.7002,53841,0.231137984064189
92075,25281.59961,12104,2.0886979188698
92078,12105.40039,43220,0.280087931281814
92081,17683.59961,27598,0.64075656243206
92082,22533.90039,19302,1.16743862760336
92083,5367.600098,36915,0.145404309846946
92084,23543.59961,47077,0.500108324872018
92086,0,1191,0.0
92091,0,1268,0.0
92101,4679.200195,35373,0.132281689282786
92102,0,43354,0.0
92103,36123.5,30226,1.19511347846225
92104,8787,44723,0.196476086130179
92105,2635.199951,67482,0.0390504127174654
92106,5943.300293,19971,0.297596529617946
92107,5078.399902,26746,0.189875117849398
92108,0,18390,0.0
92109,47446,43857,1.08183414278222
92110,1323.600098,27254,0.0485653518015704
92111,9386.699219,46072,0.203739781624414
92112,0,-100,-100
92113,0,55782,0.0
92114,9370.799805,68524,0.13675208401436
92115,11637.60059,60054,0.193785602790822
92116,10869.40039,31828,0.341504348058313
92117,30320.69922,52375,0.57891549823389
92118,20441.59961,19771,1.03391834555662
92119,0,23327,0.0
92120,42902.5,25463,1.68489573106075
92121,15924.7998,4580,3.47703052401747
92122,9854.400391,46217,0.213220252093386
92123,16521.5,27437,0.602161315012574
92124,13048.59961,31024,0.420596944623517
92126,2856.599854,76797,0.0371967635975364
92127,28403.79883,40237,0.705912439545692
92128,3483,48438,0.0719063545150502
92129,29530.70117,53218,0.554900619527228
92130,41134.80078,47599,0.864194642324419
92131,4759.200195,34306,0.138727924998543
92139,0,36528,0.0
92154,1887.600098,81952,0.0230329961196798
92173,0,28723,0.0
92177,0,-100,-100
92199,0,-100,-100
92210,0,4861,0.0
92211,7492.800293,24477,0.306115957551988
92220,0,31860,0.0
92221,10735.2002,-100,-100
92223,0,42408,0.0
92225,5223.899902,24292,0.215046101679565
92234,18061.40039,51507,0.350659141281768
92240,14784.59961,33178,0.445614552112846
92241,0,9823,0.0
92252,0,9680,0.0
92256,0,3736,0.0
92260,85821.79688,31365,2.73622818045592
92262,46900.10156,25302,1.85361242431428
92263,0,-100,-100
92264,49406.40234,20397,2.42223867921753
92266,2505.600098,73,34.3232890136986
92268,0,511,0.0
92270,153654.2031,17215,8.92559994772001
92277,7558.200195,23642,0.319693773580915
92282,0,735,0.0
92284,0,24685,0.0
92285,0,2441,0.0
92301,0,31907,0.0
92305,0,312,0.0
92307,60229.80078,36891,1.63264212897455
92308,23516,40217,0.584727851406122
92310,0,9581,0.0
92311,11135,32859,0.338872150704525
92313,0,12140,0.0
92314,0,9785,0.0
92316,9423.200195,31768,0.296625541267943
92317,0,-100,-100
92320,5575.899902,7818,0.713213085443848
92324,0,56471,0.0
92325,0,8174,0.0
92331,0,-100,-100
92332,0,6,0.0
92335,0,98228,0.0
92336,0,89922,0.0
92337,13671.90039,36609,0.373457357207244
92338,0,0,-100
92340,0,-100,-100
92341,0,263,0.0
92342,0,5946,0.0
92344,0,19986,0.0
92345,0,79070,0.0
92346,0,57365,0.0
92347,0,1791,0.0
92350,0,-100,-100
92352,12272.40039,6294,1.9498570686368
92354,5611.5,21475,0.261303841676368
92356,0,6155,0.0
92358,0,1068,0.0
92359,2712.599854,7397,0.366716216574287
92360,2892.599854,-100,-100
92363,0,5156,0.0
92364,0,53,0.0
92365,0,2552,0.0
92368,0,1030,0.0
92371,11395.80078,14727,0.773803271542066
92372,5259.600098,4859,1.08244496768882
92373,51164.80078,33279,1.53745006700923
92374,9800,40494,0.242011162147479
92376,7204,83613,0.0861588508963917
92377,1976.399902,19698,0.100335054421769
92382,0,5519,0.0
92391,0,2335,0.0
92392,13675.7998,52312,0.261427584493042
92394,2483.700195,34350,0.0723056825327511
92395,0,43378,0.0
92397,0,4833,0.0
92398,8752.800781,1068,8.19550634925094
92399,19811.80078,53219,0.372269316973261
92401,0,1952,0.0
92404,0,60222,0.0
92405,0,31075,0.0
92407,0,55780,0.0
92408,0,14077,0.0
92410,0,48069,0.0
92411,0,25443,0.0
92501,0,21887,0.0
92503,7000,89783,0.0779657618925632
92504,10449,53194,0.196431928412979
92506,0,44129,0.0
92507,9350.400391,53791,0.173828342864048
92508,0,35278,0.0
92509,5950,78700,0.0756035578144854
92530,0,48687,0.0
92532,0,19713,0.0
92536,4322.400391,3613,1.19634663465264
92543,6820,34054,0.200270159158983
92544,44708.40234,45080,0.991756928571429
92545,0,38642,0.0
92546,0,-100,-100
92548,0,6849,0.0
92549,0,1993,0.0
92551,3483,29230,0.119158398905234
92553,0,75136,0.0
92554,0,-100,-100
92555,4257,38751,0.109855229542463
92557,8611.800781,51001,0.168855527950432
92561,0,1332,0.0
92562,51640.69922,61376,0.841382612421794
92563,33072,53655,0.616382443388314
92567,7730.799805,8634,0.895390294764883
92570,0,53722,0.0
92571,0,51614,0.0
92581,0,-100,-100
92582,0,16166,0.0
92583,10614.40039,29431,0.360653745710306
92584,11940,43203,0.276369696548851
92585,10273.7002,18071,0.56851863206242
92586,12569.7998,19556,0.642759245244426
92587,15109.2002,16169,0.934454833323025
92589,0,-100,-100
92590,0,3676,0.0
92591,22981,38723,0.593471580197815
92592,16312.90039,70726,0.230649271696406
92595,40385.30078,30209,1.33686321228773
92596,8769.5,23815,0.368234306109595
92602,0,22051,0.0
92603,22105.69922,19215,1.15043972001041
92604,3865.399902,27453,0.140800637525953
92605,6450.5,-100,-100
92606,4976.100098,21252,0.234147378976096
92607,0,-100,-100
92609,0,-100,-100
92610,0,11555,0.0
92612,0,26386,0.0
92614,9924.199219,24538,0.404442057991686
92617,3280.200195,16855,0.194612886087214
92618,0,16614,0.0
92620,0,39927,0.0
92624,0,7237,0.0
92625,0,12442,0.0
92626,28137.90039,50759,0.554343079847909
92627,20056.5,60167,0.333347183672113
92629,0,26182,0.0
92630,0,59083,0.0
92637,5151.300293,16325,0.315546725451761
92646,44949.30078,55367,0.811842808532158
92647,11723,57117,0.205245373531523
92648,5160.399902,45360,0.113765429938272
92649,13182.40039,32694,0.40320549305683
92650,0,-100,-100
92651,6741,23636,0.285200541546793
92652,2982,-100,-100
92653,12615.2998,29473,0.428029036745496
92655,0,8544,0.0
92656,0,49067,0.0
92657,0,10136,0.0
92660,0,33671,0.0
92661,0,3931,0.0
92662,0,2931,0.0
92663,0,22163,0.0
92672,10606.7998,34445,0.307934382348672
92673,0,28819,0.0
92675,0,34829,0.0
92676,0,2254,0.0
92677,7451.700195,63446,0.117449487674558
92678,0,514,0.0
92679,11920,33034,0.360840346309863
92683,12409,90074,0.137764504740547
92688,20285.90039,44302,0.457900329330504
92691,20111.19922,47295,0.425228866053494
92692,12149.7002,47672,0.254860299546904
92694,0,21448,0.0
92701,0,53979,0.0
92703,0,68926,0.0
92704,0,86136,0.0
92705,16918.30078,44945,0.376422311269329
92706,17594.59961,36660,0.479939978450627
92707,2580.199951,60495,0.0426514579882635
92708,18495.20117,55914,0.33077943216368
92727,0,-100,-100
92757,0,-100,-100
92780,7095.599609,58181,0.121957333304687
92782,3718,22588,0.164600672923676
92801,0,61627,0.0
92804,0,85174,0.0
92807,0,35738,0.0
92821,11813.40039,36275,0.325662312611992
92823,0,3048,0.0
92831,9946.200195,34693,0.28669184547315
92832,0,24694,0.0
92833,9834.400391,52609,0.186933802030071
92835,0,23055,0.0
92840,2505.600098,53943,0.0464490313479043
92841,2483.700195,31890,0.0778833551269991
92843,5306.399902,45341,0.117033146644318
92844,0,24523,0.0
92845,0,16774,0.0
92856,0,-100,-100
92860,0,27235,0.0
92861,3124,5809,0.537786193837149
92862,0,-100,-100
92865,0,19358,0.0
92866,0,15017,0.0
92867,7177.399902,43557,0.16478177794614
92868,0,26279,0.0
92869,21117.30078,39167,0.539160537697552
92870,12460.30078,52510,0.23729386364502
92877,5307.400391,-100,-100
92879,6556.200195,46912,0.13975529065058
92880,5897.600098,65093,0.0906026776765551
92881,24676.09961,30846,0.799977293976529
92882,27714.19922,68715,0.403320952048315
92883,12771,29549,0.432197367085181
92885,0,-100,-100
92886,5405.399902,46907,0.115236529771676
92887,4644,19654,0.236287778569248
92911,0,-100,-100
92914,0,-100,-100
93001,3870.300049,32464,0.119218212450715
93003,36669.5,50113,0.731736276016203
93004,3317.400146,29698,0.111704496801131
93006,0,-100,-100
93010,28719.29883,43358,0.662376005120162
93012,50094.60156,34339,1.45882528786511
93013,14286.2002,15867,0.900371853532489
93015,6509.399902,17484,0.372306102836879
93020,0,-100,-100
93021,15351,35720,0.429759238521837
93022,0,6698,0.0
93023,89630.70313,20601,4.35079380272802
93030,6248,59298,0.105366116901076
93033,0,80492,0.0
93035,9329.599609,27767,0.335995952353513
93036,0,42133,0.0
93040,0,1699,0.0
93041,0,24075,0.0
93060,0,33380,0.0
93062,0,-100,-100
93063,11880.40039,55662,0.213438259315152
93065,56756.10156,71505,0.79373612418712
93066,6796.200195,3048,2.2297244734252
93067,0,622,0.0
93101,5037.799805,32327,0.155838766510966
93103,3096,20931,0.14791457646553
93105,5779.799805,24719,0.233820130466443
93106,0,-100,-100
93108,15154.2002,11201,1.35293279171503
93109,0,9838,0.0
93110,36289.30078,17020,2.13215633254994
93111,13172.5,16901,0.779391751967339
93117,15078,54182,0.278284301059392
93202,0,3623,0.0
93203,0,20774,0.0
93204,0,15341,0.0
93205,6292,1900,3.31157894736842
93206,0,2053,0.0
93207,0,281,0.0
93208,0,139,0.0
93210,5637.600098,21293,0.264763072277274
93212,0,25588,0.0
93215,0,55355,0.0
93219,0,9097,0.0
93221,22089.19922,14691,1.50358717718331
93222,0,1535,0.0
93223,0,10632,0.0
93225,0,4665,0.0
93226,0,383,0.0
93227,0,-100,-100
93230,55584.60156,66186,0.839824155561599
93235,0,4864,0.0
93238,8371.799805,1496,5.59612286430481
93240,7481.399902,5308,1.4094574042954
93241,0,18542,0.0
93242,5001.600098,3326,1.50378836380036
93244,7905.600098,282,28.0340429007092
93245,17736.69922,36544,0.485351883209282
93247,0,18092,0.0
93249,0,2564,0.0
93250,3146,13599,0.23134053974557
93252,0,3752,0.0
93255,0,495,0.0
93256,4311.899902,5401,0.798352138863173
93257,15259.2002,76627,0.199136077361765
93261,0,3263,0.0
93263,23694.80078,19384,1.2223896399092
93265,9540.800781,3273,2.91500176626948
93266,0,1450,0.0
93267,0,6739,0.0
93268,5270.399902,16776,0.314163084287077
93270,0,5424,0.0
93271,15475.7998,2285,6.7727789059081
93272,0,3114,0.0
93274,30718.30078,69896,0.439485818644844
93276,0,160,0.0
93277,27543.69922,51125,0.538752062982885
93280,0,27029,0.0
93282,0,-100,-100
93283,7794.299805,2090,3.72933005023923
93285,0,2173,0.0
93286,3036,9650,0.314611398963731
93290,6362.400391,-100,-100
93291,45694.5,53123,0.860164147356136
93292,37699.5,37472,1.00607119982921
93301,0,11421,0.0
93304,9140.400391,51208,0.178495555206218
93305,0,37204,0.0
93306,28953.90039,67736,0.427452172995158
93307,5552.200195,81404,0.0682054959829984
93308,42379.10156,53514,0.791925506596405
93309,19992.59961,59051,0.338564962659396
93310,5151.300293,-100,-100
93311,16756.19922,41234,0.406368511907649
93312,50661.80078,54750,0.925329694611872
93313,36841.39844,44122,0.83498931236118
93314,59870.90234,22084,2.71105335718167
93401,55230.69922,28311,1.95085652997068
93402,29832,14949,1.99558498896247
93405,13713.2002,33655,0.407463978606448
93420,75968.10156,29710,2.55698759878829
93422,9669.799805,31178,0.310148175155558
93423,0,-100,-100
93424,0,913,0.0
93426,0,1193,0.0
93427,0,5394,0.0
93428,1879.200073,6400,0.29362501140625
93430,0,2710,0.0
93432,8923.199219,1125,7.93173263911111
93433,3664.399902,13212,0.277353913260672
93434,0,7030,0.0
93435,0,-100,-100
93436,0,54355,0.0
93440,0,1723,0.0
93441,4162.199707,1230,3.38390220081301
93442,3718,10811,0.343908981592822
93444,17980.30078,19269,0.933120596813535
93445,0,7233,0.0
93446,52549.19922,42613,1.23317295707883
93447,7665.599609,-100,-100
93449,5037,7721,0.652376635150887
93451,2772.800049,4261,0.650739274583431
93453,0,3485,0.0
93454,3578.400146,35731,0.100148334667376
93455,6389,41889,0.152522141851083
93458,0,55458,0.0
93460,16983.59961,5112,3.32230039319249
93461,0,1402,0.0
93463,10202.40039,7846,1.30033142875351
93464,0,-100,-100
93465,33805,10085,3.35200793257313
93501,0,5042,0.0
93505,12832,13347,0.961414550086162
93510,14528.2998,7153,2.03107784146512
93512,0,110,0.0
93513,0,1516,0.0
93514,10292.5,14511,0.709289504513817
93516,0,2046,0.0
93517,0,424,0.0
93518,0,1098,0.0
93523,0,3002,0.0
93527,3718,2335,1.59229122055675
93531,0,357,0.0
93532,0,2736,0.0
93534,10803.2002,38655,0.279477433708447
93535,6614,72231,0.0915673325857319
93536,17029.10156,70599,0.241208821088117
93541,0,581,0.0
93543,4250,12160,0.349506578947368
93544,0,912,0.0
93546,2651.400146,9625,0.275470145038961
93550,7295.299805,74389,0.0980696044442055
93551,31940.80078,49372,0.646941602122661
93552,8748,39396,0.222053000304599
93553,0,2169,0.0
93555,23675.19922,32021,0.739364767496331
93560,9301.599609,18496,0.502897902735727
93561,0,35446,0.0
93562,0,1943,0.0
93567,0,-100,-100
93591,0,6503,0.0
93601,0,1882,0.0
93602,14381.60059,3677,3.9112321430514
93603,0,280,0.0
93609,2985.600098,6173,0.483654640855338
93610,16975.59961,24715,0.686854121383775
93611,127390.6016,46810,2.72143989745781
93612,3686.400146,34804,0.105918864096081
93614,34697.39844,11053,3.13918379082602
93615,0,6211,0.0
93616,0,2698,0.0
93618,12504,28525,0.438352322524102
93619,290281.2188,29609,9.80381704211557
93620,0,9657,0.0
93621,0,322,0.0
93622,0,9489,0.0
93624,0,1615,0.0
93625,0,6730,0.0
93626,5744.700195,702,8.18333361111111
93630,11799,18039,0.654082820555463
93631,13726.80078,16666,0.823640992439698
93635,7741.200195,38661,0.200232797780709
93636,28776.19922,11443,2.51474256925631
93637,16514.20117,39577,0.417267634484675
93638,19998,47823,0.418166990778496
93640,0,11600,0.0
93641,0,594,0.0
93643,23034,2829,8.14209968186638
93644,9879.599609,7627,1.29534543188672
93645,0,712,0.0
93646,0,10960,0.0
93647,0,12401,0.0
93648,0,15403,0.0
93650,22383.59961,4063,5.50913108786611
93651,8229.599609,1653,4.97858415547489
93652,0,453,0.0
93653,0,1193,0.0
93654,15908,30791,0.516644474034621
93656,4322.400391,6826,0.633225958247876
93657,34587.10156,35083,0.985864993301599
93660,0,4465,0.0
93662,6890.400391,29741,0.231680185299755
93664,0,687,0.0
93666,0,243,0.0
93667,6864,2156,3.18367346938776
93668,0,1498,0.0
93675,0,2335,0.0
93701,0,11057,0.0
93702,3535.200195,47667,0.0741645204229341
93703,0,34551,0.0
93704,24834.10156,26828,0.925678453854182
93705,4557.600098,38597,0.118081718734617
93706,10022.40039,38448,0.260674167446941
93710,33236.80078,31980,1.03929958661664
93711,43340.69922,39079,1.10905343586069
93712,0,-100,-100
93720,65259.20313,46351,1.40793517140946
93722,45486.10156,76672,0.593255706907346
93723,0,8640,0.0
93725,5662.800293,25386,0.223067844205468
93726,0,40627,0.0
93727,49502.39844,68590,0.721714512902755
93728,0,15164,0.0
93730,4376.399902,10098,0.433392741334918
93737,0,-100,-100
93901,0,25823,0.0
93905,0,61000,0.0
93906,0,61030,0.0
93907,7470.599609,21987,0.339773484740983
93908,11803.7998,12878,0.916586410933375
93920,0,715,0.0
93921,1115.399902,2864,0.389455273044693
93923,21021.40039,13362,1.57322260065858
93924,19355.40039,6133,3.15594332137616
93925,0,1665,0.0
93926,0,8494,0.0
93927,4214.700195,16976,0.248274045417059
93930,0,16222,0.0
93932,0,443,0.0
93933,10808.7002,22723,0.475672235180214
93940,25719.5,31952,0.804941787681522
93950,1370.399902,15102,0.0907429414647067
93953,0,4470,0.0
93955,0,33314,0.0
93960,0,27057,0.0
93962,0,931,0.0
94002,19112.09961,26141,0.731115856700203
94005,0,4266,0.0
94010,20030.59961,40907,0.489661906519667
94014,0,47866,0.0
94015,0,60446,0.0
94018,3240.600098,-100,-100
94019,12380,17688,0.699909543193125
94020,5367.600098,1651,3.25112059236826
94021,0,93,0.0
94022,166796.2969,19310,8.63781962195753
94024,140299.0938,22536,6.22555439297125
94025,105862.3984,40608,2.60693455476753
94027,47372.89844,7083,6.68825334462798
94028,69718.60156,6633,10.5108701281471
94030,9238.400391,21567,0.428358157880095
94035,6928,-100,-100
94037,4216.799805,2567,1.64269567783405
94038,0,2814,0.0
94040,232147.7031,33918,6.8443806562887
94041,122229.2031,12929,9.45387911671436
94043,62193.5,27279,2.27990395542359
94044,6607,37558,0.175914585441184
94060,2284,1561,1.46316463805253
94061,19233.09961,36343,0.529210566271359
94062,114875.5938,26782,4.2892836158614
94063,4088.700195,31427,0.130101511280109
94065,6165.400391,11108,0.555041446795103
94066,7420.800293,41383,0.179320017712587
94070,54262.19922,29358,1.84829345391375
94080,8136.399902,64363,0.126414242686015
94085,11724,22688,0.516748942172073
94086,24258.59961,45531,0.53279303353759
94087,119009.2969,53446,2.22672037009318
94089,0,20282,0.0
94101,3483,-100,-100
94102,0,25531,0.0
94103,3096,23909,0.129490986657744
94104,0,305,0.0
94107,6919.700195,26762,0.25856438961961
94108,3870,13518,0.286284953395473
94109,3036,54412,0.0557965154745277
94110,9514.799805,70804,0.13438223553754
94112,3096,80726,0.0383519559993063
94114,18996.30078,32328,0.587611382702301
94115,7250.099609,32882,0.220488401222553
94116,1887.600098,43923,0.0429752088427475
94117,14645,40932,0.357788527313593
94118,20515.80078,39567,0.518507867162029
94119,0,-100,-100
94121,0,43597,0.0
94122,0,57805,0.0
94123,10985,23710,0.463306621678617
94124,5085.200195,34296,0.148273856863774
94127,17666.19922,19075,0.926144126867628
94131,3724.200195,27914,0.133416930393351
94132,2516.800049,31425,0.0800891025934765
94133,0,27580,0.0
94134,3572,38889,0.0918511661395253
94139,0,-100,-100
94303,3718,45714,0.0813317583234895
94304,0,3791,0.0
94305,44318.69922,13541,3.27292660955616
94401,1258.400024,35721,0.0352285776993925
94402,27319.90039,23622,1.15654476293286
94403,22797.09961,39311,0.579916552873242
94404,12309,33792,0.3642578125
94422,0,-100,-100
94503,0,19494,0.0
94505,0,12680,0.0
94506,32876.89844,21312,1.54264726163664
94507,66065.30469,15817,4.17685431434532
94508,5943.300293,3638,1.63367242798241
94509,20894.20117,61665,0.338834041514636
94510,17291.19922,27180,0.636173628403238
94511,0,1910,0.0
94512,0,241,0.0
94513,51617.90234,53902,0.957624992393603
94514,3376,1020,3.30980392156863
94515,0,6815,0.0
94517,16469.40039,12582,1.30896521936099
94518,31239.30078,26162,1.19407158397676
94519,3470.400146,19819,0.175104704879156
94520,7308.799805,37477,0.195020940977133
94521,22325,40854,0.546458119156019
94522,0,-100,-100
94523,55089.70313,33728,1.63335220380693
94525,0,2866,0.0
94526,32511.09961,31915,1.01867772552091
94528,0,1175,0.0
94530,12214.7998,23913,0.510801647639359
94531,13277.2998,41237,0.321975405582365
94533,22580.20117,66641,0.338833468435348
94534,11673,36026,0.324015988452784
94536,18376.19922,68924,0.266615391155476
94538,5477,60439,0.090620294842734
94539,37727.19922,51369,0.734435149993187
94540,0,-100,-100
94541,5908.799805,60736,0.0972866142814805
94542,7155,12446,0.574883496705769
94543,0,-100,-100
94544,4486.700195,75917,0.05910007238168
94545,0,28966,0.0
94546,51123.69922,42766,1.19542859327503
94547,4423.200195,24060,0.183840407107232
94548,0,430,0.0
94549,117028.7031,27340,4.28049389539137
94550,84581.60156,46915,1.80286905168923
94551,28809.20117,36994,0.778753342974536
94552,49024.60156,14199,3.45267987604761
94553,48569.80078,47583,1.02073851543619
94555,5500.799805,34463,0.159614653541479
94556,59351.19922,14716,4.03310676950258
94558,47158.60156,66743,0.706570000749142
94559,25786.40039,27132,0.950405439702197
94560,25284,42712,0.591964787413373
94561,31591,36908,0.855939091795817
94562,0,-100,-100
94563,89907.89844,17779,5.05697162045109
94564,5784.600098,18505,0.312596600810592
94565,4257,85275,0.0499208443271768
94566,59977.09766,41006,1.46264199531776
94567,0,691,0.0
94568,15312.40039,45695,0.335100128898129
94571,0,7784,0.0
94572,0,8867,0.0
94573,8564.399414,127,67.4362158582677
94574,17900.79883,9288,1.92730392226529
94576,0,116,0.0
94577,8363.200195,44778,0.186770293336013
94578,2202,38230,0.0575987444415381
94579,0,20528,0.0
94580,5776.600098,28531,0.202467494935334
94582,37795.19922,37131,1.01788799709138
94583,34686.60156,35248,0.984072899455288
94585,3602,28972,0.12432693635234
94586,4821.300293,848,5.68549562853774
94587,3623.399902,69820,0.0518963033801203
94588,19189.59961,30435,0.630510912107771
94589,0,31174,0.0
94590,0,34960,0.0
94591,8274.299805,52796,0.156722096465641
94592,0,583,0.0
94595,8685,16400,0.529573170731707
94596,24557.69922,20192,1.21620935122821
94597,14306.09961,19933,0.717709306677369
94598,38607.69922,26127,1.47769354384353
94599,10542,3071,3.43275805926408
94601,10870.7998,49138,0.221230001221051
94602,26630.40039,28559,0.932469637942505
94603,5151.700195,33774,0.152534499763131
94605,2539.199951,40890,0.0620983113475177
94606,0,36051,0.0
94607,0,23602,0.0
94608,3503,25994,0.134761868123413
94609,3535.399902,21389,0.165290565337323
94610,36801,30276,1.21551724137931
94611,31283.90039,36277,0.862361837803567
94612,0,13110,0.0
94618,25107.80078,17074,1.47052833430948
94619,23919.69922,23525,1.01677786269926
94620,5351.399902,-100,-100
94621,0,31410,0.0
94691,0,-100,-100
94701,0,-100,-100
94702,5858,16187,0.361895348118861
94703,9956.799805,20758,0.479660844252818
94704,10492.59961,24065,0.436010787866196
94705,36730.10156,12687,2.8950974666982
94706,4068.899902,19469,0.208993779957882
94707,40797.10156,12100,3.37166128595041
94708,15450.40039,11289,1.36862435911064
94709,6867.200195,12643,0.543162239579214
94710,4473,5897,0.758521282007801
94801,12194,29277,0.416504423267411
94803,10256.7998,25641,0.400015592215592
94804,3429,39635,0.0865144443042765
94805,12688.2002,13242,0.958178537985199
94806,0,59976,0.0
94901,71014.89844,40663,1.7464254590168
94903,34523.39844,29709,1.16205185095426
94904,76793.79688,12156,6.31735742678513
94914,0,-100,-100
94920,44729.10156,12490,3.58119307926341
94922,0,270,0.0
94923,1205.599976,970,1.24288657319588
94924,2025.600098,1108,1.828158933213
94925,8872,9267,0.957375633970001
94926,0,-100,-100
94928,9109.099609,42206,0.215824754987443
94929,0,142,0.0
94930,23265,8287,2.80740919512489
94931,2512.399902,8578,0.292888773840056
94933,0,1190,0.0
94937,2948.800049,1129,2.61186895394154
94938,0,745,0.0
94939,6135,6779,0.905000737571913
94940,0,215,0.0
94941,91065.60156,31070,2.93098170453814
94942,0,-100,-100
94945,20352.80078,17496,1.16328308070416
94946,3853.5,532,7.24342105263158
94947,19352,24254,0.797889007998681
94949,0,17000,0.0
94950,2602.800049,53,49.1094348867924
94951,10916.2998,4318,2.52809166280686
94952,39456.60156,32925,1.19837817949886
94954,14179.40039,37384,0.379290616038947
94956,9651.200195,1718,5.61769510768335
94957,0,1002,0.0
94960,35826.39844,15749,2.27483639850149
94963,4423.200195,539,8.20630833951763
94964,4759.200195,5279,0.901534418450464
94965,9583.599609,11029,0.868945471846949
94970,4404,525,8.38857142857143
94972,0,35,0.0
94973,0,1454,0.0
94978,0,-100,-100
95001,5064,-100,-100
95002,0,1906,0.0
95003,44896.69922,23946,1.87491435813915
95004,14009.2002,3795,3.69148885375494
95005,6428.400391,5945,1.08131209268293
95006,15546.40039,9543,1.6290894257571
95007,7700,602,12.7906976744186
95008,60952.19922,44909,1.35723795274889
95010,9985.599609,8980,1.11198213908686
95012,0,10490,0.0
95014,78185.29688,60690,1.28827314022079
95015,0,-100,-100
95017,0,698,0.0
95018,0,8110,0.0
95019,0,8157,0.0
95020,39080.30078,56865,0.687247002198189
95023,18179,49598,0.366526876083713
95024,0,-100,-100
95028,2946,-100,-100
95030,22809.59961,13534,1.68535537239545
95032,61162.40234,25039,2.44268550421343
95033,54974.89844,9540,5.76256797064989
95035,21222,67380,0.314959928762244
95037,49169.60156,45924,1.07067332026827
95041,0,202,0.0
95043,0,595,0.0
95045,3746.400146,3644,1.02810102799122
95046,5199,6691,0.777013899267673
95050,8527.5,36587,0.23307458933501
95060,103726,46821,2.21537344354029
95062,70063.89844,35827,1.95561722834734
95063,0,-100,-100
95064,0,7090,0.0
95065,27811.19922,8620,3.22635721809745
95066,24940.90039,15038,1.65852509575741
95070,142971.7969,30533,4.68253355058461
95073,43599.40234,10235,4.25983413190034
95075,0,264,0.0
95076,80185,81736,0.98102427327004
95101,19355,-100,-100
95110,0,18179,0.0
95111,3214.200195,57125,0.0562660865645514
95112,11996.7002,53268,0.225214015919501
95116,6446.299805,49728,0.129631189772362
95117,6307.200195,30980,0.203589418818593
95118,17528.30078,31312,0.559794991696474
95119,9488.399414,9466,1.00236630192267
95120,63464.30078,38351,1.65482779536388
95121,14823.59961,37135,0.399181354786589
95122,0,54873,0.0
95123,17584.59961,63495,0.276944635168124
95124,39851.39844,47854,0.832770477703013
95125,95804.60156,52805,1.81430928056055
95126,8151.399902,31965,0.255010164304708
95127,11592,64392,0.180022363026463
95128,20012.59961,36020,0.555596879789006
95129,21719.40039,39436,0.550750593112892
95130,4404.399902,14529,0.303145426526258
95131,2062.199951,28990,0.0711348724042773
95132,17601.09961,40882,0.430534210899662
95133,2683.800049,26189,0.102478141547978
95135,24796.5,21159,1.17191266127889
95136,13867,42565,0.325784094913661
95138,17714.40039,19104,0.927261326947236
95139,9937.299805,6690,1.48539608445441
95140,0,321,0.0
95141,0,-100,-100
95148,6706.599609,45677,0.146826621910371
95151,0,-100,-100
95201,8433.599609,-100,-100
95202,0,5808,0.0
95203,0,15431,0.0
95204,5577,29200,0.190993150684932
95205,0,36300,0.0
95206,0,63820,0.0
95207,6742.200195,47604,0.141630959478195
95209,4979,41153,0.120987534323136
95210,0,40502,0.0
95212,4216.799805,25219,0.167207256631904
95215,7730.799805,23902,0.32343736109949
95219,18117.90039,27913,0.649084669867087
95220,6966,6819,1.02155741311043
95221,0,-100,-100
95222,5160.399902,5062,1.01943893757408
95223,0,3156,0.0
95224,0,291,0.0
95225,9747.599609,506,19.2640308478261
95226,2725.199951,274,9.94598522262774
95227,0,892,0.0
95228,7135.199707,4365,1.63463910813288
95229,0,-100,-100
95230,7138.800293,833,8.56998834693877
95231,0,5205,0.0
95232,0,396,0.0
95236,0,3752,0.0
95237,0,3431,0.0
95240,21700.60156,46811,0.463579106620239
95242,0,25351,0.0
95243,0,-100,-100
95245,0,2217,0.0
95246,3727.5,1119,3.33109919571046
95247,0,4518,0.0
95248,0,205,0.0
95249,1789.200073,3817,0.468745106890228
95251,0,819,0.0
95252,4054.600098,15050,0.269408644385382
95254,0,511,0.0
95255,0,2380,0.0
95258,0,3799,0.0
95301,58838.90234,36542,1.61017192107712
95303,0,949,0.0
95304,11058,17586,0.628795632889799
95306,0,872,0.0
95310,0,1820,0.0
95311,0,2119,0.0
95312,0,357,0.0
95316,0,6619,0.0
95317,0,942,0.0
95318,0,471,0.0
95320,0,12947,0.0
95321,4087.799805,3506,1.16594404021677
95322,0,9646,0.0
95325,0,61,0.0
95327,0,9776,0.0
95329,7372,2744,2.6865889212828
95330,5662.800293,16278,0.347880593008969
95333,0,2896,0.0
95334,11753.39941,15747,0.746389751063695
95336,16581.19922,43753,0.378972852604393
95337,3856.799805,30987,0.124465091974054
95338,0,11834,0.0
95340,40471,31624,1.2797558816089
95341,0,33934,0.0
95345,0,264,0.0
95346,0,970,0.0
95347,0,-100,-100
95348,0,31570,0.0
95360,0,11583,0.0
95361,47219.80078,32440,1.45560421639951
95362,11610,-100,-100
95363,0,25603,0.0
95365,0,5300,0.0
95366,0,16603,0.0
95367,6292,23076,0.272664239902929
95369,0,1161,0.0
95370,20617.19922,27551,0.748328526006315
95372,0,1549,0.0
95374,0,1813,0.0
95376,27264,49357,0.55238365378771
95377,26795.09961,30326,0.883568542175031
95379,15505,3716,4.17249730893434
95383,0,3774,0.0
95387,0,850,0.0
95388,0,14001,0.0
95389,0,1234,0.0
95401,30363.69922,35882,0.846209777046987
95403,4648.400391,46070,0.100898641002822
95404,38004.5,38817,0.979068449390731
95405,28251.89844,20927,1.35002142877622
95407,6288.799805,40068,0.156953174727962
95409,26228.09961,26549,0.987912901050887
95410,0,948,0.0
95412,0,298,0.0
95415,0,1631,0.0
95417,0,218,0.0
95418,7000,-100,-100
95419,0,-100,-100
95420,2580.199951,591,4.36582056006768
95421,0,1400,0.0
95422,1976.399902,15379,0.128512900838806
95423,2635.199951,3147,0.837368907213219
95425,9774.900391,10555,0.926091936617717
95426,0,2344,0.0
95428,0,2528,0.0
95429,0,114,0.0
95432,0,514,0.0
95436,4383.799805,5355,0.818636751633987
95437,0,14193,0.0
95439,0,727,0.0
95441,0,2301,0.0
95442,8182.199707,3575,2.28872719076923
95444,0,903,0.0
95445,4419,1758,2.51365187713311
95446,0,4788,0.0
95448,52645.5,16645,3.16284169420246
95449,0,1518,0.0
95450,0,191,0.0
95451,23310.59961,11565,2.01561604928664
95452,8431,1070,7.87943925233645
95453,11552.59961,11054,1.04510580875701
95454,0,2226,0.0
95456,0,943,0.0
95457,0,3369,0.0
95458,0,3049,0.0
95459,0,605,0.0
95460,0,2406,0.0
95461,8137.799805,3811,2.13534500262398
95462,2230.799805,1377,1.62004343137255
95463,0,0,-100
95464,0,2132,0.0
95465,0,2235,0.0
95466,0,956,0.0
95467,0,5679,0.0
95468,0,1222,0.0
95469,0,1915,0.0
95470,2284.099854,6070,0.376293221416804
95472,78362.39844,29118,2.69120126519679
95476,81888,37602,2.17775650231371
95482,2076,33163,0.0625998854144679
95485,0,2115,0.0
95488,8644.800781,254,34.0346487440945
95490,8156.800293,12602,0.647262362561498
95492,8828.599609,28844,0.306080973824712
95493,0,274,0.0
95494,0,153,0.0
95497,0,762,0.0
95501,0,23800,0.0
95503,0,24717,0.0
95518,0,-100,-100
95519,1519.200073,19135,0.0793937848445257
95521,0,20108,0.0
95524,0,2133,0.0
95525,0,1768,0.0
95526,0,410,0.0
95527,0,562,0.0
95536,0,3065,0.0
95540,0,13159,0.0
95542,0,2259,0.0
95547,0,1244,0.0
95549,0,813,0.0
95553,0,1073,0.0
95558,0,312,0.0
95560,0,1098,0.0
95562,0,3388,0.0
95563,0,585,0.0
95570,0,2103,0.0
95573,0,1507,0.0
95589,0,1127,0.0
95601,0,183,0.0
95602,36565.30078,17687,2.06735459829253
95603,18517.59961,28113,0.658684580443211
95605,7293.700195,13706,0.532153815482271
95606,3962.200195,114,34.7561420614035
95607,6118.899902,331,18.4861024229607
95608,0,60288,0.0
95612,0,1056,0.0
95613,0,-100,-100
95614,0,3972,0.0
95616,101216.7031,49138,2.05984580365501
95618,52564.20313,26397,1.99129458385423
95619,3241.800049,5220,0.621034492145594
95620,17885.59961,20638,0.866634344897761
95623,0,3934,0.0
95626,0,6050,0.0
95627,3775.200195,3270,1.15449547247706
95629,0,907,0.0
95631,0,5624,0.0
95632,0,29793,0.0
95633,4644,3442,1.34921557234166
95634,0,3239,0.0
95635,0,1109,0.0
95636,0,878,0.0
95637,0,605,0.0
95640,0,11024,0.0
95641,0,1704,0.0
95642,18885.80078,6736,2.8037115172209
95648,107408.1016,46870,2.29161727330915
95650,38910.10156,11504,3.38231063630042
95651,0,511,0.0
95653,0,444,0.0
95656,0,-100,-100
95658,39401.40234,6664,5.91257538115246
95659,0,679,0.0
95661,0,30373,0.0
95662,0,31672,0.0
95663,3038.400146,2749,1.10527469843579
95664,0,1169,0.0
95665,0,4392,0.0
95666,10158,5504,1.84556686046512
95667,42860.90234,36175,1.18482107366966
95668,0,908,0.0
95669,0,2682,0.0
95672,20572.20117,5390,3.8167349109462
95674,0,803,0.0
95675,4322.400391,627,6.89378052791069
95677,29207.30078,22928,1.27387041085136
95678,10265.7002,42135,0.243638310193426
95679,0,35,0.0
95681,0,1317,0.0
95682,63947.60156,29269,2.18482358672999
95684,0,2905,0.0
95685,0,4405,0.0
95687,21432.5,65634,0.326545692781181
95688,29002.80078,34385,0.843472467064127
95689,0,1130,0.0
95690,0,2010,0.0
95691,38207.39844,34676,1.1018398442727
95692,2635.199951,4968,0.530434772745572
95694,26378.40039,9739,2.70853274360817
95695,46320.19922,37556,1.23336348972202
95696,0,-100,-100
95697,0,455,0.0
95698,0,263,0.0
95699,0,163,0.0
95703,3602,1082,3.32902033271719
95709,0,4905,0.0
95713,15297.40039,9428,1.6225498928723
95714,0,335,0.0
95717,0,234,0.0
95722,6676.799805,4417,1.51161417364727
95726,0,8769,0.0
95746,63183.60156,23441,2.69543114884177
95747,0,51513,0.0
95762,43153.19922,39749,1.08564238647513
95765,33493.5,34508,0.970601020053321
95776,16195.40039,21962,0.737428302977871
95837,0,289,0.0
95901,41658.89844,32278,1.29062824338559
95912,0,4799,0.0
95913,0,-100,-100
95914,0,739,0.0
95915,0,59,0.0
95916,0,1210,0.0
95917,6634.800293,3073,2.15906290042304
95918,25635.19922,1740,14.7328731149425
95919,0,1595,0.0
95920,0,381,0.0
95926,45236.30078,37613,1.20267728657645
95927,0,-100,-100
95928,67668.29688,36517,1.85306287153928
95932,3346.199951,7795,0.429275170109044
95934,0,305,0.0
95935,4068.899902,322,12.6363350993789
95937,0,1160,0.0
95938,14206.80078,4000,3.551700195
95939,0,474,0.0
95942,0,1398,0.0
95943,0,889,0.0
95945,59696,24235,2.46321435939757
95946,7240.399902,10155,0.712988665878877
95947,0,1698,0.0
95948,0,10501,0.0
95949,35293.60156,20810,1.69599238635272
95950,0,839,0.0
95951,4698,2654,1.77015825169555
95953,2712.599854,10447,0.259653475064612
95954,0,12336,0.0
95955,0,1189,0.0
95956,0,421,0.0
95957,0,950,0.0
95958,0,-100,-100
95959,32292.90039,17697,1.82476693168334
95960,0,929,0.0
95961,6947.900391,26300,0.264178722091255
95962,0,1282,0.0
95963,39464.39844,15302,2.57903531825905
95965,10662.39941,20709,0.514867903327056
95966,28990.5,30909,0.937930699796176
95967,0,-100,-100
95968,0,1534,0.0
95969,23507.80078,27385,0.858418870914734
95970,0,402,0.0
95971,0,5789,0.0
95973,105568.6016,32008,3.29819425143714
95974,0,0,-100
95975,0,1914,0.0
95977,0,1394,0.0
95982,0,3082,0.0
95983,0,693,0.0
95984,0,80,0.0
95987,0,6059,0.0
95988,0,8789,0.0
95991,15860.7998,40172,0.394822259285074
95993,47085.10156,36715,1.28244863298379
96001,91946.70313,33805,2.71991430646354
96002,16605.80078,33360,0.497775802757794
96003,21765.19922,45295,0.480521011590683
96007,21549.69922,22304,0.966180919117647
96008,3124,1196,2.61204013377926
96013,0,3358,0.0
96016,0,530,0.0
96019,0,10114,0.0
96021,13049.40039,15932,0.819068565779563
96022,26562,17063,1.55670163511692
96028,0,1552,0.0
96029,0,130,0.0
96035,0,3372,0.0
96040,0,177,0.0
96047,0,826,0.0
96051,3317.400146,1126,2.94618130195382
96055,0,4399,0.0
96056,0,1516,0.0
96059,0,649,0.0
96062,0,1247,0.0
96065,0,330,0.0
96069,3317.400146,812,4.08546816009852
96073,14048.40039,4740,2.96379755063291
96074,0,247,0.0
96076,0,147,0.0
96078,0,-100,-100
96080,20260.90039,28149,0.719773362819283
96087,0,487,0.0
96088,3146,4377,0.718757139593329
96092,0,269,0.0
96096,0,828,0.0
96137,0,3554,0.0
96608,2027.300049,-100,-100
98665,0,-100,-100
