Id,Id2,Geography,Estimate,Error
8600000US89010,89010,ZCTA5 89010,281,93
8600000US89019,89019,ZCTA5 89019,1882,647
8600000US89060,89060,ZCTA5 89060,10623,849
8600000US89061,89061,ZCTA5 89061,4552,743
8600000US89439,89439,ZCTA5 89439,1643,281
8600000US90001,90001,ZCTA5 90001,54480,1964
8600000US90002,90002,ZCTA5 90002,48613,1682
8600000US90003,90003,ZCTA5 90003,67226,2394
8600000US90004,90004,ZCTA5 90004,62884,1752
8600000US90005,90005,ZCTA5 90005,39592,1357
8600000US90006,90006,ZCTA5 90006,58849,1752
8600000US90007,90007,ZCTA5 90007,43653,1707
8600000US90008,90008,ZCTA5 90008,33754,1643
8600000US90010,90010,ZCTA5 90010,3835,596
8600000US90011,90011,ZCTA5 90011,100671,2087
8600000US90012,90012,ZCTA5 90012,29164,1106
8600000US90013,90013,ZCTA5 90013,9318,845
8600000US90014,90014,ZCTA5 90014,5556,575
8600000US90015,90015,ZCTA5 90015,17668,1088
8600000US90016,90016,ZCTA5 90016,46779,1636
8600000US90017,90017,ZCTA5 90017,23171,981
8600000US90018,90018,ZCTA5 90018,48497,1680
8600000US90019,90019,ZCTA5 90019,64613,2074
8600000US90020,90020,ZCTA5 90020,41086,1537
8600000US90021,90021,ZCTA5 90021,2664,444
8600000US90022,90022,ZCTA5 90022,68657,2001
8600000US90023,90023,ZCTA5 90023,45663,1402
8600000US90024,90024,ZCTA5 90024,50269,2321
8600000US90025,90025,ZCTA5 90025,42932,1323
8600000US90026,90026,ZCTA5 90026,69615,2042
8600000US90027,90027,ZCTA5 90027,45702,1301
8600000US90028,90028,ZCTA5 90028,28254,1143
8600000US90029,90029,ZCTA5 90029,39437,1134
8600000US90031,90031,ZCTA5 90031,39990,1402
8600000US90032,90032,ZCTA5 90032,49242,1572
8600000US90033,90033,ZCTA5 90033,49048,1621
8600000US90034,90034,ZCTA5 90034,59305,1347
8600000US90035,90035,ZCTA5 90035,30553,1191
8600000US90036,90036,ZCTA5 90036,35942,1323
8600000US90037,90037,ZCTA5 90037,60867,1945
8600000US90038,90038,ZCTA5 90038,30225,1274
8600000US90039,90039,ZCTA5 90039,28260,1003
8600000US90040,90040,ZCTA5 90040,12692,420
8600000US90041,90041,ZCTA5 90041,28571,1253
8600000US90042,90042,ZCTA5 90042,62303,2069
8600000US90043,90043,ZCTA5 90043,43761,1419
8600000US90044,90044,ZCTA5 90044,85940,2892
8600000US90045,90045,ZCTA5 90045,40535,1194
8600000US90046,90046,ZCTA5 90046,49937,1340
8600000US90047,90047,ZCTA5 90047,47857,2020
8600000US90048,90048,ZCTA5 90048,20793,902
8600000US90049,90049,ZCTA5 90049,36107,1113
8600000US90056,90056,ZCTA5 90056,8628,718
8600000US90057,90057,ZCTA5 90057,44871,1651
8600000US90058,90058,ZCTA5 90058,3289,681
8600000US90059,90059,ZCTA5 90059,40305,2204
8600000US90061,90061,ZCTA5 90061,26621,1362
8600000US90062,90062,ZCTA5 90062,31569,1725
8600000US90063,90063,ZCTA5 90063,53994,1964
8600000US90064,90064,ZCTA5 90064,25894,1179
8600000US90065,90065,ZCTA5 90065,45816,1468
8600000US90066,90066,ZCTA5 90066,56107,1409
8600000US90067,90067,ZCTA5 90067,2257,385
8600000US90068,90068,ZCTA5 90068,22270,968
8600000US90069,90069,ZCTA5 90069,20328,961
8600000US90071,90071,ZCTA5 90071,0,13
8600000US90073,90073,ZCTA5 90073,623,214
8600000US90077,90077,ZCTA5 90077,8262,706
8600000US90079,90079,ZCTA5 90079,0,13
8600000US90089,90089,ZCTA5 90089,3402,618
8600000US90090,90090,ZCTA5 90090,0,13
8600000US90094,90094,ZCTA5 90094,5567,540
8600000US90095,90095,ZCTA5 90095,0,13
8600000US90201,90201,ZCTA5 90201,101647,154
8600000US90210,90210,ZCTA5 90210,21517,1015
8600000US90211,90211,ZCTA5 90211,7889,584
8600000US90212,90212,ZCTA5 90212,12306,536
8600000US90220,90220,ZCTA5 90220,50947,1279
8600000US90221,90221,ZCTA5 90221,51350,1551
8600000US90222,90222,ZCTA5 90222,30990,1328
8600000US90230,90230,ZCTA5 90230,32508,1167
8600000US90232,90232,ZCTA5 90232,15248,712
8600000US90240,90240,ZCTA5 90240,25258,980
8600000US90241,90241,ZCTA5 90241,43786,1459
8600000US90242,90242,ZCTA5 90242,42763,1265
8600000US90245,90245,ZCTA5 90245,16678,38
8600000US90247,90247,ZCTA5 90247,46590,1212
8600000US90248,90248,ZCTA5 90248,9904,794
8600000US90249,90249,ZCTA5 90249,26790,1123
8600000US90250,90250,ZCTA5 90250,93925,1172
8600000US90254,90254,ZCTA5 90254,19535,25
8600000US90255,90255,ZCTA5 90255,75961,1152
8600000US90260,90260,ZCTA5 90260,35014,603
8600000US90262,90262,ZCTA5 90262,69734,166
8600000US90263,90263,ZCTA5 90263,1847,238
8600000US90265,90265,ZCTA5 90265,17749,561
8600000US90266,90266,ZCTA5 90266,35226,39
8600000US90270,90270,ZCTA5 90270,27443,66
8600000US90272,90272,ZCTA5 90272,22893,849
8600000US90274,90274,ZCTA5 90274,25387,318
8600000US90275,90275,ZCTA5 90275,41903,82
8600000US90277,90277,ZCTA5 90277,33972,786
8600000US90278,90278,ZCTA5 90278,40867,697
8600000US90280,90280,ZCTA5 90280,94703,39
8600000US90290,90290,ZCTA5 90290,6983,842
8600000US90291,90291,ZCTA5 90291,26961,875
8600000US90292,90292,ZCTA5 90292,22350,1194
8600000US90293,90293,ZCTA5 90293,12129,626
8600000US90301,90301,ZCTA5 90301,37165,1236
8600000US90302,90302,ZCTA5 90302,30344,1094
8600000US90303,90303,ZCTA5 90303,25828,996
8600000US90304,90304,ZCTA5 90304,27198,1449
8600000US90305,90305,ZCTA5 90305,14896,739
8600000US90401,90401,ZCTA5 90401,6766,492
8600000US90402,90402,ZCTA5 90402,12351,572
8600000US90403,90403,ZCTA5 90403,24286,663
8600000US90404,90404,ZCTA5 90404,20739,790
8600000US90405,90405,ZCTA5 90405,28114,704
8600000US90501,90501,ZCTA5 90501,42363,1471
8600000US90502,90502,ZCTA5 90502,16845,996
8600000US90503,90503,ZCTA5 90503,46253,1152
8600000US90504,90504,ZCTA5 90504,31650,965
8600000US90505,90505,ZCTA5 90505,36135,1112
8600000US90506,90506,ZCTA5 90506,0,13
8600000US90601,90601,ZCTA5 90601,32630,1527
8600000US90602,90602,ZCTA5 90602,25923,1041
8600000US90603,90603,ZCTA5 90603,19933,856
8600000US90604,90604,ZCTA5 90604,40483,1234
8600000US90605,90605,ZCTA5 90605,40698,1211
8600000US90606,90606,ZCTA5 90606,32998,1436
8600000US90620,90620,ZCTA5 90620,44295,1146
8600000US90621,90621,ZCTA5 90621,35994,1149
8600000US90623,90623,ZCTA5 90623,15528,136
8600000US90630,90630,ZCTA5 90630,48292,169
8600000US90631,90631,ZCTA5 90631,67929,541
8600000US90638,90638,ZCTA5 90638,49062,351
8600000US90640,90640,ZCTA5 90640,62965,293
8600000US90650,90650,ZCTA5 90650,105603,53
8600000US90660,90660,ZCTA5 90660,63106,55
8600000US90670,90670,ZCTA5 90670,15265,321
8600000US90680,90680,ZCTA5 90680,30369,871
8600000US90701,90701,ZCTA5 90701,16597,97
8600000US90703,90703,ZCTA5 90703,49551,269
8600000US90704,90704,ZCTA5 90704,3999,113
8600000US90706,90706,ZCTA5 90706,76619,53
8600000US90710,90710,ZCTA5 90710,27486,1107
8600000US90712,90712,ZCTA5 90712,31334,737
8600000US90713,90713,ZCTA5 90713,27562,694
8600000US90715,90715,ZCTA5 90715,21129,802
8600000US90716,90716,ZCTA5 90716,14203,82
8600000US90717,90717,ZCTA5 90717,21347,307
8600000US90720,90720,ZCTA5 90720,21710,570
8600000US90723,90723,ZCTA5 90723,54255,61
8600000US90731,90731,ZCTA5 90731,59270,2080
8600000US90732,90732,ZCTA5 90732,19895,1019
8600000US90740,90740,ZCTA5 90740,23789,149
8600000US90742,90742,ZCTA5 90742,968,224
8600000US90743,90743,ZCTA5 90743,411,130
8600000US90744,90744,ZCTA5 90744,57441,1491
8600000US90745,90745,ZCTA5 90745,58090,1040
8600000US90746,90746,ZCTA5 90746,25861,943
8600000US90747,90747,ZCTA5 90747,0,13
8600000US90755,90755,ZCTA5 90755,10994,64
8600000US90802,90802,ZCTA5 90802,39017,1216
8600000US90803,90803,ZCTA5 90803,30855,1404
8600000US90804,90804,ZCTA5 90804,41094,1361
8600000US90805,90805,ZCTA5 90805,93117,1968
8600000US90806,90806,ZCTA5 90806,42873,1571
8600000US90807,90807,ZCTA5 90807,32176,997
8600000US90808,90808,ZCTA5 90808,39064,966
8600000US90810,90810,ZCTA5 90810,36935,1306
8600000US90813,90813,ZCTA5 90813,58719,1673
8600000US90814,90814,ZCTA5 90814,18633,1171
8600000US90815,90815,ZCTA5 90815,40502,1013
8600000US90822,90822,ZCTA5 90822,183,58
8600000US90831,90831,ZCTA5 90831,0,13
8600000US91001,91001,ZCTA5 91001,38066,1541
8600000US91006,91006,ZCTA5 91006,32339,826
8600000US91007,91007,ZCTA5 91007,33836,962
8600000US91008,91008,ZCTA5 91008,1122,138
8600000US91010,91010,ZCTA5 91010,24913,405
8600000US91011,91011,ZCTA5 91011,20468,172
8600000US91016,91016,ZCTA5 91016,41610,625
8600000US91020,91020,ZCTA5 91020,8462,566
8600000US91024,91024,ZCTA5 91024,10939,58
8600000US91030,91030,ZCTA5 91030,25603,35
8600000US91040,91040,ZCTA5 91040,19903,1284
8600000US91042,91042,ZCTA5 91042,28266,1261
8600000US91046,91046,ZCTA5 91046,141,70
8600000US91101,91101,ZCTA5 91101,21545,833
8600000US91103,91103,ZCTA5 91103,27127,1334
8600000US91104,91104,ZCTA5 91104,36961,1269
8600000US91105,91105,ZCTA5 91105,10891,521
8600000US91106,91106,ZCTA5 91106,24494,1053
8600000US91107,91107,ZCTA5 91107,31737,1078
8600000US91108,91108,ZCTA5 91108,13297,130
8600000US91201,91201,ZCTA5 91201,23671,696
8600000US91202,91202,ZCTA5 91202,22533,1041
8600000US91203,91203,ZCTA5 91203,13360,886
8600000US91204,91204,ZCTA5 91204,16241,898
8600000US91205,91205,ZCTA5 91205,38362,1112
8600000US91206,91206,ZCTA5 91206,32474,980
8600000US91207,91207,ZCTA5 91207,10613,749
8600000US91208,91208,ZCTA5 91208,15655,800
8600000US91210,91210,ZCTA5 91210,228,119
8600000US91214,91214,ZCTA5 91214,31479,971
8600000US91301,91301,ZCTA5 91301,25834,674
8600000US91302,91302,ZCTA5 91302,24910,745
8600000US91303,91303,ZCTA5 91303,26613,1293
8600000US91304,91304,ZCTA5 91304,52907,1848
8600000US91306,91306,ZCTA5 91306,47048,1536
8600000US91307,91307,ZCTA5 91307,24983,1112
8600000US91311,91311,ZCTA5 91311,37945,984
8600000US91316,91316,ZCTA5 91316,26368,1227
8600000US91320,91320,ZCTA5 91320,45433,1121
8600000US91321,91321,ZCTA5 91321,35148,1364
8600000US91324,91324,ZCTA5 91324,26742,1447
8600000US91325,91325,ZCTA5 91325,33268,1043
8600000US91326,91326,ZCTA5 91326,35691,1023
8600000US91330,91330,ZCTA5 91330,1470,234
8600000US91331,91331,ZCTA5 91331,96965,2580
8600000US91335,91335,ZCTA5 91335,74641,2280
8600000US91340,91340,ZCTA5 91340,35207,1197
8600000US91342,91342,ZCTA5 91342,89001,2184
8600000US91343,91343,ZCTA5 91343,60759,1724
8600000US91344,91344,ZCTA5 91344,53014,1480
8600000US91345,91345,ZCTA5 91345,18654,739
8600000US91350,91350,ZCTA5 91350,34293,889
8600000US91351,91351,ZCTA5 91351,31936,1226
8600000US91352,91352,ZCTA5 91352,45494,1700
8600000US91354,91354,ZCTA5 91354,28392,1168
8600000US91355,91355,ZCTA5 91355,33203,965
8600000US91356,91356,ZCTA5 91356,29590,1383
8600000US91360,91360,ZCTA5 91360,42937,1110
8600000US91361,91361,ZCTA5 91361,19731,786
8600000US91362,91362,ZCTA5 91362,35485,971
8600000US91364,91364,ZCTA5 91364,25947,1030
8600000US91367,91367,ZCTA5 91367,40323,1406
8600000US91371,91371,ZCTA5 91371,0,13
8600000US91377,91377,ZCTA5 91377,14423,585
8600000US91381,91381,ZCTA5 91381,19673,749
8600000US91384,91384,ZCTA5 91384,29155,1112
8600000US91387,91387,ZCTA5 91387,40375,1499
8600000US91390,91390,ZCTA5 91390,20050,963
8600000US91401,91401,ZCTA5 91401,40085,1405
8600000US91402,91402,ZCTA5 91402,70749,1629
8600000US91403,91403,ZCTA5 91403,23377,937
8600000US91405,91405,ZCTA5 91405,54185,1621
8600000US91406,91406,ZCTA5 91406,53129,1392
8600000US91411,91411,ZCTA5 91411,23708,915
8600000US91423,91423,ZCTA5 91423,30946,1310
8600000US91436,91436,ZCTA5 91436,14508,741
8600000US91501,91501,ZCTA5 91501,20546,958
8600000US91502,91502,ZCTA5 91502,11340,963
8600000US91504,91504,ZCTA5 91504,25527,892
8600000US91505,91505,ZCTA5 91505,30563,875
8600000US91506,91506,ZCTA5 91506,18906,831
8600000US91601,91601,ZCTA5 91601,37090,1399
8600000US91602,91602,ZCTA5 91602,17115,880
8600000US91604,91604,ZCTA5 91604,28323,1050
8600000US91605,91605,ZCTA5 91605,55313,1551
8600000US91606,91606,ZCTA5 91606,46880,1292
8600000US91607,91607,ZCTA5 91607,28821,1218
8600000US91608,91608,ZCTA5 91608,0,13
8600000US91701,91701,ZCTA5 91701,40553,1323
8600000US91702,91702,ZCTA5 91702,60284,1287
8600000US91706,91706,ZCTA5 91706,77028,200
8600000US91708,91708,ZCTA5 91708,3840,470
8600000US91709,91709,ZCTA5 91709,75211,80
8600000US91710,91710,ZCTA5 91710,80801,986
8600000US91711,91711,ZCTA5 91711,35857,296
8600000US91722,91722,ZCTA5 91722,35408,1479
8600000US91723,91723,ZCTA5 91723,18713,882
8600000US91724,91724,ZCTA5 91724,24935,1167
8600000US91730,91730,ZCTA5 91730,65610,1424
8600000US91731,91731,ZCTA5 91731,29703,1263
8600000US91732,91732,ZCTA5 91732,61832,1401
8600000US91733,91733,ZCTA5 91733,43902,1166
8600000US91737,91737,ZCTA5 91737,24254,1047
8600000US91739,91739,ZCTA5 91739,35770,1166
8600000US91740,91740,ZCTA5 91740,26115,744
8600000US91741,91741,ZCTA5 91741,25282,694
8600000US91744,91744,ZCTA5 91744,83182,1861
8600000US91745,91745,ZCTA5 91745,56370,1402
8600000US91746,91746,ZCTA5 91746,31086,1632
8600000US91748,91748,ZCTA5 91748,46946,1427
8600000US91750,91750,ZCTA5 91750,33906,725
8600000US91752,91752,ZCTA5 91752,29664,1710
8600000US91754,91754,ZCTA5 91754,33052,811
8600000US91755,91755,ZCTA5 91755,27334,811
8600000US91759,91759,ZCTA5 91759,274,82
8600000US91761,91761,ZCTA5 91761,59844,1674
8600000US91762,91762,ZCTA5 91762,54406,1995
8600000US91763,91763,ZCTA5 91763,36739,256
8600000US91764,91764,ZCTA5 91764,54397,1827
8600000US91765,91765,ZCTA5 91765,47433,565
8600000US91766,91766,ZCTA5 91766,70447,1460
8600000US91767,91767,ZCTA5 91767,49808,1254
8600000US91768,91768,ZCTA5 91768,36191,1120
8600000US91770,91770,ZCTA5 91770,61836,748
8600000US91773,91773,ZCTA5 91773,33273,222
8600000US91775,91775,ZCTA5 91775,24775,794
8600000US91776,91776,ZCTA5 91776,37716,716
8600000US91780,91780,ZCTA5 91780,34877,562
8600000US91784,91784,ZCTA5 91784,26457,868
8600000US91786,91786,ZCTA5 91786,51439,793
8600000US91789,91789,ZCTA5 91789,42332,672
8600000US91790,91790,ZCTA5 91790,44631,1545
8600000US91791,91791,ZCTA5 91791,32226,1359
8600000US91792,91792,ZCTA5 91792,31338,1153
8600000US91801,91801,ZCTA5 91801,53964,969
8600000US91803,91803,ZCTA5 91803,29571,977
8600000US91901,91901,ZCTA5 91901,17034,968
8600000US91902,91902,ZCTA5 91902,17659,1031
8600000US91905,91905,ZCTA5 91905,1088,441
8600000US91906,91906,ZCTA5 91906,3679,560
8600000US91910,91910,ZCTA5 91910,73761,1515
8600000US91911,91911,ZCTA5 91911,82708,2197
8600000US91913,91913,ZCTA5 91913,40698,1859
8600000US91914,91914,ZCTA5 91914,16200,1357
8600000US91915,91915,ZCTA5 91915,25172,987
8600000US91916,91916,ZCTA5 91916,1566,402
8600000US91917,91917,ZCTA5 91917,560,312
8600000US91931,91931,ZCTA5 91931,377,289
8600000US91932,91932,ZCTA5 91932,25640,865
8600000US91934,91934,ZCTA5 91934,364,381
8600000US91935,91935,ZCTA5 91935,8171,783
8600000US91941,91941,ZCTA5 91941,31582,1505
8600000US91942,91942,ZCTA5 91942,38719,875
8600000US91945,91945,ZCTA5 91945,25523,97
8600000US91948,91948,ZCTA5 91948,57,59
8600000US91950,91950,ZCTA5 91950,60283,484
8600000US91962,91962,ZCTA5 91962,1071,253
8600000US91963,91963,ZCTA5 91963,1193,475
8600000US91977,91977,ZCTA5 91977,60769,1868
8600000US91978,91978,ZCTA5 91978,9003,570
8600000US91980,91980,ZCTA5 91980,258,340
8600000US92003,92003,ZCTA5 92003,4000,422
8600000US92004,92004,ZCTA5 92004,2637,529
8600000US92007,92007,ZCTA5 92007,11135,821
8600000US92008,92008,ZCTA5 92008,26746,1019
8600000US92009,92009,ZCTA5 92009,41210,1120
8600000US92010,92010,ZCTA5 92010,14695,751
8600000US92011,92011,ZCTA5 92011,22416,957
8600000US92014,92014,ZCTA5 92014,13247,522
8600000US92019,92019,ZCTA5 92019,43676,1594
8600000US92020,92020,ZCTA5 92020,56807,1583
8600000US92021,92021,ZCTA5 92021,64441,1992
8600000US92024,92024,ZCTA5 92024,48725,823
8600000US92025,92025,ZCTA5 92025,48567,1929
8600000US92026,92026,ZCTA5 92026,49309,1658
8600000US92027,92027,ZCTA5 92027,55129,1619
8600000US92028,92028,ZCTA5 92028,48103,1555
8600000US92029,92029,ZCTA5 92029,19823,1016
8600000US92036,92036,ZCTA5 92036,3202,486
8600000US92037,92037,ZCTA5 92037,41746,1418
8600000US92040,92040,ZCTA5 92040,42232,1821
8600000US92054,92054,ZCTA5 92054,42688,1825
8600000US92055,92055,ZCTA5 92055,13130,2158
8600000US92056,92056,ZCTA5 92056,51142,1340
8600000US92057,92057,ZCTA5 92057,54274,1592
8600000US92058,92058,ZCTA5 92058,45685,2036
8600000US92059,92059,ZCTA5 92059,1301,288
8600000US92060,92060,ZCTA5 92060,162,133
8600000US92061,92061,ZCTA5 92061,2301,655
8600000US92064,92064,ZCTA5 92064,48208,141
8600000US92065,92065,ZCTA5 92065,36341,1409
8600000US92066,92066,ZCTA5 92066,277,128
8600000US92067,92067,ZCTA5 92067,7524,1026
8600000US92069,92069,ZCTA5 92069,45362,1368
8600000US92070,92070,ZCTA5 92070,1244,316
8600000US92071,92071,ZCTA5 92071,53841,138
8600000US92075,92075,ZCTA5 92075,12104,229
8600000US92078,92078,ZCTA5 92078,43220,1377
8600000US92081,92081,ZCTA5 92081,27598,1180
8600000US92082,92082,ZCTA5 92082,19302,1238
8600000US92083,92083,ZCTA5 92083,36915,1324
8600000US92084,92084,ZCTA5 92084,47077,1408
8600000US92086,92086,ZCTA5 92086,1191,217
8600000US92091,92091,ZCTA5 92091,1268,408
8600000US92101,92101,ZCTA5 92101,35373,1604
8600000US92102,92102,ZCTA5 92102,43354,1680
8600000US92103,92103,ZCTA5 92103,30226,1031
8600000US92104,92104,ZCTA5 92104,44723,1580
8600000US92105,92105,ZCTA5 92105,67482,2228
8600000US92106,92106,ZCTA5 92106,19971,839
8600000US92107,92107,ZCTA5 92107,26746,901
8600000US92108,92108,ZCTA5 92108,18390,880
8600000US92109,92109,ZCTA5 92109,43857,1402
8600000US92110,92110,ZCTA5 92110,27254,1198
8600000US92111,92111,ZCTA5 92111,46072,1869
8600000US92113,92113,ZCTA5 92113,55782,2426
8600000US92114,92114,ZCTA5 92114,68524,1780
8600000US92115,92115,ZCTA5 92115,60054,2023
8600000US92116,92116,ZCTA5 92116,31828,1456
8600000US92117,92117,ZCTA5 92117,52375,1394
8600000US92118,92118,ZCTA5 92118,19771,491
8600000US92119,92119,ZCTA5 92119,23327,1123
8600000US92120,92120,ZCTA5 92120,25463,1068
8600000US92121,92121,ZCTA5 92121,4580,487
8600000US92122,92122,ZCTA5 92122,46217,1557
8600000US92123,92123,ZCTA5 92123,27437,1102
8600000US92124,92124,ZCTA5 92124,31024,840
8600000US92126,92126,ZCTA5 92126,76797,1951
8600000US92127,92127,ZCTA5 92127,40237,1658
8600000US92128,92128,ZCTA5 92128,48438,1136
8600000US92129,92129,ZCTA5 92129,53218,1202
8600000US92130,92130,ZCTA5 92130,47599,1216
8600000US92131,92131,ZCTA5 92131,34306,849
8600000US92132,92132,ZCTA5 92132,0,13
8600000US92134,92134,ZCTA5 92134,62,31
8600000US92135,92135,ZCTA5 92135,1358,341
8600000US92139,92139,ZCTA5 92139,36528,1480
8600000US92140,92140,ZCTA5 92140,2661,437
8600000US92145,92145,ZCTA5 92145,1381,357
8600000US92147,92147,ZCTA5 92147,459,166
8600000US92154,92154,ZCTA5 92154,81952,1888
8600000US92155,92155,ZCTA5 92155,839,339
8600000US92173,92173,ZCTA5 92173,28723,1190
8600000US92201,92201,ZCTA5 92201,63009,1112
8600000US92203,92203,ZCTA5 92203,24850,1486
8600000US92210,92210,ZCTA5 92210,4861,100
8600000US92211,92211,ZCTA5 92211,24477,1183
8600000US92220,92220,ZCTA5 92220,31860,376
8600000US92222,92222,ZCTA5 92222,0,13
8600000US92223,92223,ZCTA5 92223,42408,509
8600000US92225,92225,ZCTA5 92225,24292,449
8600000US92227,92227,ZCTA5 92227,26310,240
8600000US92230,92230,ZCTA5 92230,2121,623
8600000US92231,92231,ZCTA5 92231,38700,283
8600000US92233,92233,ZCTA5 92233,10520,225
8600000US92234,92234,ZCTA5 92234,51507,68
8600000US92236,92236,ZCTA5 92236,40881,187
8600000US92239,92239,ZCTA5 92239,345,69
8600000US92240,92240,ZCTA5 92240,33178,1043
8600000US92241,92241,ZCTA5 92241,9823,1027
8600000US92242,92242,ZCTA5 92242,1329,170
8600000US92243,92243,ZCTA5 92243,47762,568
8600000US92249,92249,ZCTA5 92249,7277,685
8600000US92250,92250,ZCTA5 92250,8692,507
8600000US92251,92251,ZCTA5 92251,21416,684
8600000US92252,92252,ZCTA5 92252,9680,1009
8600000US92253,92253,ZCTA5 92253,37101,324
8600000US92254,92254,ZCTA5 92254,11181,744
8600000US92256,92256,ZCTA5 92256,3736,542
8600000US92257,92257,ZCTA5 92257,2044,396
8600000US92258,92258,ZCTA5 92258,529,432
8600000US92259,92259,ZCTA5 92259,334,153
8600000US92260,92260,ZCTA5 92260,31365,1073
8600000US92262,92262,ZCTA5 92262,25302,656
8600000US92264,92264,ZCTA5 92264,20397,613
8600000US92266,92266,ZCTA5 92266,73,68
8600000US92267,92267,ZCTA5 92267,35,52
8600000US92268,92268,ZCTA5 92268,511,243
8600000US92270,92270,ZCTA5 92270,17215,65
8600000US92273,92273,ZCTA5 92273,1430,295
8600000US92274,92274,ZCTA5 92274,18405,1234
8600000US92275,92275,ZCTA5 92275,1239,437
8600000US92276,92276,ZCTA5 92276,7541,731
8600000US92277,92277,ZCTA5 92277,23642,838
8600000US92278,92278,ZCTA5 92278,4567,566
8600000US92280,92280,ZCTA5 92280,0,13
8600000US92281,92281,ZCTA5 92281,1779,243
8600000US92282,92282,ZCTA5 92282,735,219
8600000US92283,92283,ZCTA5 92283,2807,340
8600000US92284,92284,ZCTA5 92284,24685,512
8600000US92285,92285,ZCTA5 92285,2441,507
8600000US92301,92301,ZCTA5 92301,31907,514
8600000US92304,92304,ZCTA5 92304,47,64
8600000US92305,92305,ZCTA5 92305,312,205
8600000US92307,92307,ZCTA5 92307,36891,934
8600000US92308,92308,ZCTA5 92308,40217,1003
8600000US92309,92309,ZCTA5 92309,730,206
8600000US92310,92310,ZCTA5 92310,9581,864
8600000US92311,92311,ZCTA5 92311,32859,1015
8600000US92313,92313,ZCTA5 92313,12140,41
8600000US92314,92314,ZCTA5 92314,9785,1312
8600000US92315,92315,ZCTA5 92315,5150,110
8600000US92316,92316,ZCTA5 92316,31768,1723
8600000US92320,92320,ZCTA5 92320,7818,100
8600000US92321,92321,ZCTA5 92321,1004,320
8600000US92322,92322,ZCTA5 92322,598,298
8600000US92324,92324,ZCTA5 92324,56471,818
8600000US92325,92325,ZCTA5 92325,8174,1109
8600000US92327,92327,ZCTA5 92327,1253,1043
8600000US92328,92328,ZCTA5 92328,263,89
8600000US92332,92332,ZCTA5 92332,6,7
8600000US92333,92333,ZCTA5 92333,644,312
8600000US92335,92335,ZCTA5 92335,98228,2650
8600000US92336,92336,ZCTA5 92336,89922,1972
8600000US92337,92337,ZCTA5 92337,36609,1299
8600000US92338,92338,ZCTA5 92338,0,13
8600000US92339,92339,ZCTA5 92339,1046,237
8600000US92341,92341,ZCTA5 92341,263,145
8600000US92342,92342,ZCTA5 92342,5946,642
8600000US92344,92344,ZCTA5 92344,19986,1435
8600000US92345,92345,ZCTA5 92345,79070,1130
8600000US92346,92346,ZCTA5 92346,57365,1776
8600000US92347,92347,ZCTA5 92347,1791,521
8600000US92352,92352,ZCTA5 92352,6294,943
8600000US92354,92354,ZCTA5 92354,21475,727
8600000US92356,92356,ZCTA5 92356,6155,965
8600000US92358,92358,ZCTA5 92358,1068,434
8600000US92359,92359,ZCTA5 92359,7397,728
8600000US92363,92363,ZCTA5 92363,5156,108
8600000US92364,92364,ZCTA5 92364,53,47
8600000US92365,92365,ZCTA5 92365,2552,532
8600000US92368,92368,ZCTA5 92368,1030,238
8600000US92371,92371,ZCTA5 92371,14727,1322
8600000US92372,92372,ZCTA5 92372,4859,632
8600000US92373,92373,ZCTA5 92373,33279,1141
8600000US92374,92374,ZCTA5 92374,40494,1012
8600000US92376,92376,ZCTA5 92376,83613,1863
8600000US92377,92377,ZCTA5 92377,19698,1372
8600000US92378,92378,ZCTA5 92378,139,96
8600000US92382,92382,ZCTA5 92382,5519,750
8600000US92384,92384,ZCTA5 92384,59,30
8600000US92385,92385,ZCTA5 92385,181,117
8600000US92386,92386,ZCTA5 92386,1858,605
8600000US92389,92389,ZCTA5 92389,82,38
8600000US92391,92391,ZCTA5 92391,2335,648
8600000US92392,92392,ZCTA5 92392,52312,1657
8600000US92394,92394,ZCTA5 92394,34350,1650
8600000US92395,92395,ZCTA5 92395,43378,1717
8600000US92397,92397,ZCTA5 92397,4833,666
8600000US92398,92398,ZCTA5 92398,1068,508
8600000US92399,92399,ZCTA5 92399,53219,422
8600000US92401,92401,ZCTA5 92401,1952,457
8600000US92404,92404,ZCTA5 92404,60222,2647
8600000US92405,92405,ZCTA5 92405,31075,1999
8600000US92407,92407,ZCTA5 92407,55780,2052
8600000US92408,92408,ZCTA5 92408,14077,1157
8600000US92410,92410,ZCTA5 92410,48069,2164
8600000US92411,92411,ZCTA5 92411,25443,1176
8600000US92501,92501,ZCTA5 92501,21887,1415
8600000US92503,92503,ZCTA5 92503,89783,2419
8600000US92504,92504,ZCTA5 92504,53194,2344
8600000US92505,92505,ZCTA5 92505,48803,1545
8600000US92506,92506,ZCTA5 92506,44129,1420
8600000US92507,92507,ZCTA5 92507,53791,1978
8600000US92508,92508,ZCTA5 92508,35278,1384
8600000US92509,92509,ZCTA5 92509,78700,2252
8600000US92518,92518,ZCTA5 92518,968,251
8600000US92530,92530,ZCTA5 92530,48687,1705
8600000US92532,92532,ZCTA5 92532,19713,1213
8600000US92536,92536,ZCTA5 92536,3613,791
8600000US92539,92539,ZCTA5 92539,4284,788
8600000US92543,92543,ZCTA5 92543,34054,1234
8600000US92544,92544,ZCTA5 92544,45080,1647
8600000US92545,92545,ZCTA5 92545,38642,1477
8600000US92548,92548,ZCTA5 92548,6849,915
8600000US92549,92549,ZCTA5 92549,1993,363
8600000US92551,92551,ZCTA5 92551,29230,1550
8600000US92553,92553,ZCTA5 92553,75136,1847
8600000US92555,92555,ZCTA5 92555,38751,1397
8600000US92557,92557,ZCTA5 92557,51001,1630
8600000US92561,92561,ZCTA5 92561,1332,391
8600000US92562,92562,ZCTA5 92562,61376,1561
8600000US92563,92563,ZCTA5 92563,53655,1689
8600000US92567,92567,ZCTA5 92567,8634,780
8600000US92570,92570,ZCTA5 92570,53722,2220
8600000US92571,92571,ZCTA5 92571,51614,1477
8600000US92582,92582,ZCTA5 92582,16166,974
8600000US92583,92583,ZCTA5 92583,29431,1074
8600000US92584,92584,ZCTA5 92584,43203,1825
8600000US92585,92585,ZCTA5 92585,18071,1129
8600000US92586,92586,ZCTA5 92586,19556,1113
8600000US92587,92587,ZCTA5 92587,16169,603
8600000US92590,92590,ZCTA5 92590,3676,509
8600000US92591,92591,ZCTA5 92591,38723,1167
8600000US92592,92592,ZCTA5 92592,70726,1445
8600000US92595,92595,ZCTA5 92595,30209,485
8600000US92596,92596,ZCTA5 92596,23815,1868
8600000US92602,92602,ZCTA5 92602,22051,1334
8600000US92603,92603,ZCTA5 92603,19215,901
8600000US92604,92604,ZCTA5 92604,27453,772
8600000US92606,92606,ZCTA5 92606,21252,939
8600000US92610,92610,ZCTA5 92610,11555,518
8600000US92612,92612,ZCTA5 92612,26386,1122
8600000US92614,92614,ZCTA5 92614,24538,954
8600000US92617,92617,ZCTA5 92617,16855,1169
8600000US92618,92618,ZCTA5 92618,16614,904
8600000US92620,92620,ZCTA5 92620,39927,1728
8600000US92624,92624,ZCTA5 92624,7237,570
8600000US92625,92625,ZCTA5 92625,12442,740
8600000US92626,92626,ZCTA5 92626,50759,1310
8600000US92627,92627,ZCTA5 92627,60167,1323
8600000US92629,92629,ZCTA5 92629,26182,556
8600000US92630,92630,ZCTA5 92630,59083,616
8600000US92637,92637,ZCTA5 92637,16325,96
8600000US92646,92646,ZCTA5 92646,55367,1036
8600000US92647,92647,ZCTA5 92647,57117,1049
8600000US92648,92648,ZCTA5 92648,45360,949
8600000US92649,92649,ZCTA5 92649,32694,920
8600000US92651,92651,ZCTA5 92651,23636,267
8600000US92653,92653,ZCTA5 92653,29473,535
8600000US92655,92655,ZCTA5 92655,8544,903
8600000US92656,92656,ZCTA5 92656,49067,542
8600000US92657,92657,ZCTA5 92657,10136,684
8600000US92660,92660,ZCTA5 92660,33671,1026
8600000US92661,92661,ZCTA5 92661,3931,497
8600000US92662,92662,ZCTA5 92662,2931,364
8600000US92663,92663,ZCTA5 92663,22163,944
8600000US92672,92672,ZCTA5 92672,34445,786
8600000US92673,92673,ZCTA5 92673,28819,808
8600000US92675,92675,ZCTA5 92675,34829,83
8600000US92676,92676,ZCTA5 92676,2254,346
8600000US92677,92677,ZCTA5 92677,63446,162
8600000US92678,92678,ZCTA5 92678,514,199
8600000US92679,92679,ZCTA5 92679,33034,932
8600000US92683,92683,ZCTA5 92683,90074,161
8600000US92688,92688,ZCTA5 92688,44302,725
8600000US92691,92691,ZCTA5 92691,47295,1075
8600000US92692,92692,ZCTA5 92692,47672,1027
8600000US92694,92694,ZCTA5 92694,21448,826
8600000US92701,92701,ZCTA5 92701,53979,2065
8600000US92703,92703,ZCTA5 92703,68926,2357
8600000US92704,92704,ZCTA5 92704,86136,2544
8600000US92705,92705,ZCTA5 92705,44945,1535
8600000US92706,92706,ZCTA5 92706,36660,1722
8600000US92707,92707,ZCTA5 92707,60495,2214
8600000US92708,92708,ZCTA5 92708,55914,387
8600000US92780,92780,ZCTA5 92780,58181,1068
8600000US92782,92782,ZCTA5 92782,22588,1057
8600000US92801,92801,ZCTA5 92801,61627,1822
8600000US92802,92802,ZCTA5 92802,42032,1527
8600000US92804,92804,ZCTA5 92804,85174,1951
8600000US92805,92805,ZCTA5 92805,72033,2348
8600000US92806,92806,ZCTA5 92806,38300,1492
8600000US92807,92807,ZCTA5 92807,35738,1116
8600000US92808,92808,ZCTA5 92808,20384,775
8600000US92821,92821,ZCTA5 92821,36275,403
8600000US92823,92823,ZCTA5 92823,3048,400
8600000US92831,92831,ZCTA5 92831,34693,1028
8600000US92832,92832,ZCTA5 92832,24694,1189
8600000US92833,92833,ZCTA5 92833,52609,1181
8600000US92835,92835,ZCTA5 92835,23055,1145
8600000US92840,92840,ZCTA5 92840,53943,1581
8600000US92841,92841,ZCTA5 92841,31890,1202
8600000US92843,92843,ZCTA5 92843,45341,1475
8600000US92844,92844,ZCTA5 92844,24523,1172
8600000US92845,92845,ZCTA5 92845,16774,592
8600000US92860,92860,ZCTA5 92860,27235,142
8600000US92861,92861,ZCTA5 92861,5809,56
8600000US92865,92865,ZCTA5 92865,19358,999
8600000US92866,92866,ZCTA5 92866,15017,918
8600000US92867,92867,ZCTA5 92867,43557,1240
8600000US92868,92868,ZCTA5 92868,26279,1225
8600000US92869,92869,ZCTA5 92869,39167,1060
8600000US92870,92870,ZCTA5 92870,52510,521
8600000US92879,92879,ZCTA5 92879,46912,1487
8600000US92880,92880,ZCTA5 92880,65093,2578
8600000US92881,92881,ZCTA5 92881,30846,1339
8600000US92882,92882,ZCTA5 92882,68715,1584
8600000US92883,92883,ZCTA5 92883,29549,1196
8600000US92886,92886,ZCTA5 92886,46907,736
8600000US92887,92887,ZCTA5 92887,19654,642
8600000US93001,93001,ZCTA5 93001,32464,991
8600000US93003,93003,ZCTA5 93003,50113,938
8600000US93004,93004,ZCTA5 93004,29698,864
8600000US93010,93010,ZCTA5 93010,43358,865
8600000US93012,93012,ZCTA5 93012,34339,940
8600000US93013,93013,ZCTA5 93013,15867,445
8600000US93015,93015,ZCTA5 93015,17484,635
8600000US93021,93021,ZCTA5 93021,35720,336
8600000US93022,93022,ZCTA5 93022,6698,625
8600000US93023,93023,ZCTA5 93023,20601,716
8600000US93030,93030,ZCTA5 93030,59298,1995
8600000US93033,93033,ZCTA5 93033,80492,1634
8600000US93035,93035,ZCTA5 93035,27767,1341
8600000US93036,93036,ZCTA5 93036,42133,1762
8600000US93040,93040,ZCTA5 93040,1699,317
8600000US93041,93041,ZCTA5 93041,24075,314
8600000US93042,93042,ZCTA5 93042,47,22
8600000US93043,93043,ZCTA5 93043,0,13
8600000US93060,93060,ZCTA5 93060,33380,585
8600000US93063,93063,ZCTA5 93063,55662,1147
8600000US93064,93064,ZCTA5 93064,0,13
8600000US93065,93065,ZCTA5 93065,71505,1108
8600000US93066,93066,ZCTA5 93066,3048,396
8600000US93067,93067,ZCTA5 93067,622,209
8600000US93101,93101,ZCTA5 93101,32327,1235
8600000US93103,93103,ZCTA5 93103,20931,1143
8600000US93105,93105,ZCTA5 93105,24719,911
8600000US93108,93108,ZCTA5 93108,11201,802
8600000US93109,93109,ZCTA5 93109,9838,735
8600000US93110,93110,ZCTA5 93110,17020,937
8600000US93111,93111,ZCTA5 93111,16901,826
8600000US93117,93117,ZCTA5 93117,54182,1171
8600000US93201,93201,ZCTA5 93201,1014,208
8600000US93202,93202,ZCTA5 93202,3623,461
8600000US93203,93203,ZCTA5 93203,20774,468
8600000US93204,93204,ZCTA5 93204,15341,32
8600000US93205,93205,ZCTA5 93205,1900,417
8600000US93206,93206,ZCTA5 93206,2053,356
8600000US93207,93207,ZCTA5 93207,281,106
8600000US93208,93208,ZCTA5 93208,139,79
8600000US93210,93210,ZCTA5 93210,21293,547
8600000US93212,93212,ZCTA5 93212,25588,355
8600000US93215,93215,ZCTA5 93215,55355,755
8600000US93218,93218,ZCTA5 93218,890,192
8600000US93219,93219,ZCTA5 93219,9097,890
8600000US93220,93220,ZCTA5 93220,59,68
8600000US93221,93221,ZCTA5 93221,14691,487
8600000US93222,93222,ZCTA5 93222,1535,474
8600000US93223,93223,ZCTA5 93223,10632,136
8600000US93224,93224,ZCTA5 93224,486,133
8600000US93225,93225,ZCTA5 93225,4665,639
8600000US93226,93226,ZCTA5 93226,383,148
8600000US93230,93230,ZCTA5 93230,66186,812
8600000US93234,93234,ZCTA5 93234,6952,145
8600000US93235,93235,ZCTA5 93235,4864,660
8600000US93238,93238,ZCTA5 93238,1496,465
8600000US93239,93239,ZCTA5 93239,1604,361
8600000US93240,93240,ZCTA5 93240,5308,686
8600000US93241,93241,ZCTA5 93241,18542,962
8600000US93242,93242,ZCTA5 93242,3326,402
8600000US93243,93243,ZCTA5 93243,1925,609
8600000US93244,93244,ZCTA5 93244,282,111
8600000US93245,93245,ZCTA5 93245,36544,758
8600000US93247,93247,ZCTA5 93247,18092,853
8600000US93249,93249,ZCTA5 93249,2564,387
8600000US93250,93250,ZCTA5 93250,13599,351
8600000US93251,93251,ZCTA5 93251,261,122
8600000US93252,93252,ZCTA5 93252,3752,343
8600000US93254,93254,ZCTA5 93254,626,164
8600000US93255,93255,ZCTA5 93255,495,196
8600000US93256,93256,ZCTA5 93256,5401,673
8600000US93257,93257,ZCTA5 93257,76627,1619
8600000US93258,93258,ZCTA5 93258,1650,367
8600000US93260,93260,ZCTA5 93260,149,58
8600000US93261,93261,ZCTA5 93261,3263,437
8600000US93262,93262,ZCTA5 93262,32,37
8600000US93263,93263,ZCTA5 93263,19384,444
8600000US93265,93265,ZCTA5 93265,3273,589
8600000US93266,93266,ZCTA5 93266,1450,468
8600000US93267,93267,ZCTA5 93267,6739,1326
8600000US93268,93268,ZCTA5 93268,16776,929
8600000US93270,93270,ZCTA5 93270,5424,512
8600000US93271,93271,ZCTA5 93271,2285,321
8600000US93272,93272,ZCTA5 93272,3114,362
8600000US93274,93274,ZCTA5 93274,69896,805
8600000US93276,93276,ZCTA5 93276,160,110
8600000US93277,93277,ZCTA5 93277,51125,1279
8600000US93280,93280,ZCTA5 93280,27029,275
8600000US93283,93283,ZCTA5 93283,2090,586
8600000US93285,93285,ZCTA5 93285,2173,621
8600000US93286,93286,ZCTA5 93286,9650,591
8600000US93287,93287,ZCTA5 93287,133,63
8600000US93291,93291,ZCTA5 93291,53123,1608
8600000US93292,93292,ZCTA5 93292,37472,1491
8600000US93301,93301,ZCTA5 93301,11421,809
8600000US93304,93304,ZCTA5 93304,51208,1966
8600000US93305,93305,ZCTA5 93305,37204,1382
8600000US93306,93306,ZCTA5 93306,67736,2006
8600000US93307,93307,ZCTA5 93307,81404,2247
8600000US93308,93308,ZCTA5 93308,53514,1667
8600000US93309,93309,ZCTA5 93309,59051,1770
8600000US93311,93311,ZCTA5 93311,41234,1523
8600000US93312,93312,ZCTA5 93312,54750,1507
8600000US93313,93313,ZCTA5 93313,44122,1994
8600000US93314,93314,ZCTA5 93314,22084,970
8600000US93401,93401,ZCTA5 93401,28311,860
8600000US93402,93402,ZCTA5 93402,14949,695
8600000US93405,93405,ZCTA5 93405,33655,1180
8600000US93410,93410,ZCTA5 93410,0,13
8600000US93420,93420,ZCTA5 93420,29710,976
8600000US93422,93422,ZCTA5 93422,31178,478
8600000US93424,93424,ZCTA5 93424,913,256
8600000US93426,93426,ZCTA5 93426,1193,257
8600000US93427,93427,ZCTA5 93427,5394,173
8600000US93428,93428,ZCTA5 93428,6400,469
8600000US93429,93429,ZCTA5 93429,238,262
8600000US93430,93430,ZCTA5 93430,2710,334
8600000US93432,93432,ZCTA5 93432,1125,362
8600000US93433,93433,ZCTA5 93433,13212,65
8600000US93434,93434,ZCTA5 93434,7030,33
8600000US93436,93436,ZCTA5 93436,54355,717
8600000US93437,93437,ZCTA5 93437,3632,605
8600000US93440,93440,ZCTA5 93440,1723,334
8600000US93441,93441,ZCTA5 93441,1230,230
8600000US93442,93442,ZCTA5 93442,10811,224
8600000US93444,93444,ZCTA5 93444,19269,967
8600000US93445,93445,ZCTA5 93445,7233,667
8600000US93446,93446,ZCTA5 93446,42613,983
8600000US93449,93449,ZCTA5 93449,7721,59
8600000US93450,93450,ZCTA5 93450,770,230
8600000US93451,93451,ZCTA5 93451,4261,582
8600000US93452,93452,ZCTA5 93452,579,268
8600000US93453,93453,ZCTA5 93453,3485,683
8600000US93454,93454,ZCTA5 93454,35731,1251
8600000US93455,93455,ZCTA5 93455,41889,1405
8600000US93458,93458,ZCTA5 93458,55458,1390
8600000US93460,93460,ZCTA5 93460,5112,527
8600000US93461,93461,ZCTA5 93461,1402,294
8600000US93463,93463,ZCTA5 93463,7846,391
8600000US93465,93465,ZCTA5 93465,10085,838
8600000US93501,93501,ZCTA5 93501,5042,556
8600000US93505,93505,ZCTA5 93505,13347,31
8600000US93510,93510,ZCTA5 93510,7153,520
8600000US93512,93512,ZCTA5 93512,110,62
8600000US93513,93513,ZCTA5 93513,1516,177
8600000US93514,93514,ZCTA5 93514,14511,473
8600000US93516,93516,ZCTA5 93516,2046,347
8600000US93517,93517,ZCTA5 93517,424,145
8600000US93518,93518,ZCTA5 93518,1098,265
8600000US93519,93519,ZCTA5 93519,96,58
8600000US93522,93522,ZCTA5 93522,35,36
8600000US93523,93523,ZCTA5 93523,3002,304
8600000US93524,93524,ZCTA5 93524,668,651
8600000US93526,93526,ZCTA5 93526,611,150
8600000US93527,93527,ZCTA5 93527,2335,452
8600000US93528,93528,ZCTA5 93528,183,179
8600000US93529,93529,ZCTA5 93529,418,272
8600000US93530,93530,ZCTA5 93530,54,47
8600000US93531,93531,ZCTA5 93531,357,187
8600000US93532,93532,ZCTA5 93532,2736,346
8600000US93534,93534,ZCTA5 93534,38655,1284
8600000US93535,93535,ZCTA5 93535,72231,1990
8600000US93536,93536,ZCTA5 93536,70599,1781
8600000US93541,93541,ZCTA5 93541,581,298
8600000US93543,93543,ZCTA5 93543,12160,948
8600000US93544,93544,ZCTA5 93544,912,285
8600000US93545,93545,ZCTA5 93545,2256,321
8600000US93546,93546,ZCTA5 93546,9625,400
8600000US93549,93549,ZCTA5 93549,364,199
8600000US93550,93550,ZCTA5 93550,74389,1804
8600000US93551,93551,ZCTA5 93551,49372,1499
8600000US93552,93552,ZCTA5 93552,39396,1616
8600000US93553,93553,ZCTA5 93553,2169,498
8600000US93554,93554,ZCTA5 93554,30,29
8600000US93555,93555,ZCTA5 93555,32021,574
8600000US93558,93558,ZCTA5 93558,50,54
8600000US93560,93560,ZCTA5 93560,18496,1270
8600000US93561,93561,ZCTA5 93561,35446,1303
8600000US93562,93562,ZCTA5 93562,1943,364
8600000US93563,93563,ZCTA5 93563,292,99
8600000US93591,93591,ZCTA5 93591,6503,732
8600000US93592,93592,ZCTA5 93592,85,99
8600000US93601,93601,ZCTA5 93601,1882,546
8600000US93602,93602,ZCTA5 93602,3677,460
8600000US93603,93603,ZCTA5 93603,280,153
8600000US93604,93604,ZCTA5 93604,1186,430
8600000US93605,93605,ZCTA5 93605,218,113
8600000US93606,93606,ZCTA5 93606,373,214
8600000US93608,93608,ZCTA5 93608,859,324
8600000US93609,93609,ZCTA5 93609,6173,645
8600000US93610,93610,ZCTA5 93610,24715,738
8600000US93611,93611,ZCTA5 93611,46810,1269
8600000US93612,93612,ZCTA5 93612,34804,1137
8600000US93614,93614,ZCTA5 93614,11053,1053
8600000US93615,93615,ZCTA5 93615,6211,594
8600000US93616,93616,ZCTA5 93616,2698,543
8600000US93618,93618,ZCTA5 93618,28525,879
8600000US93619,93619,ZCTA5 93619,29609,1112
8600000US93620,93620,ZCTA5 93620,9657,785
8600000US93621,93621,ZCTA5 93621,322,168
8600000US93622,93622,ZCTA5 93622,9489,365
8600000US93623,93623,ZCTA5 93623,58,57
8600000US93624,93624,ZCTA5 93624,1615,351
8600000US93625,93625,ZCTA5 93625,6730,367
8600000US93626,93626,ZCTA5 93626,702,251
8600000US93627,93627,ZCTA5 93627,0,13
8600000US93628,93628,ZCTA5 93628,402,252
8600000US93630,93630,ZCTA5 93630,18039,842
8600000US93631,93631,ZCTA5 93631,16666,979
8600000US93633,93633,ZCTA5 93633,33,54
8600000US93634,93634,ZCTA5 93634,49,46
8600000US93635,93635,ZCTA5 93635,38661,605
8600000US93636,93636,ZCTA5 93636,11443,730
8600000US93637,93637,ZCTA5 93637,39577,1694
8600000US93638,93638,ZCTA5 93638,47823,1616
8600000US93640,93640,ZCTA5 93640,11600,223
8600000US93641,93641,ZCTA5 93641,594,377
8600000US93643,93643,ZCTA5 93643,2829,664
8600000US93644,93644,ZCTA5 93644,7627,783
8600000US93645,93645,ZCTA5 93645,712,490
8600000US93646,93646,ZCTA5 93646,10960,589
8600000US93647,93647,ZCTA5 93647,12401,1018
8600000US93648,93648,ZCTA5 93648,15403,292
8600000US93650,93650,ZCTA5 93650,4063,563
8600000US93651,93651,ZCTA5 93651,1653,452
8600000US93652,93652,ZCTA5 93652,453,169
8600000US93653,93653,ZCTA5 93653,1193,322
8600000US93654,93654,ZCTA5 93654,30791,1115
8600000US93656,93656,ZCTA5 93656,6826,683
8600000US93657,93657,ZCTA5 93657,35083,1297
8600000US93660,93660,ZCTA5 93660,4465,312
8600000US93662,93662,ZCTA5 93662,29741,815
8600000US93664,93664,ZCTA5 93664,687,211
8600000US93665,93665,ZCTA5 93665,349,205
8600000US93666,93666,ZCTA5 93666,243,121
8600000US93667,93667,ZCTA5 93667,2156,468
8600000US93668,93668,ZCTA5 93668,1498,478
8600000US93669,93669,ZCTA5 93669,200,136
8600000US93673,93673,ZCTA5 93673,967,276
8600000US93675,93675,ZCTA5 93675,2335,466
8600000US93701,93701,ZCTA5 93701,11057,979
8600000US93702,93702,ZCTA5 93702,47667,1794
8600000US93703,93703,ZCTA5 93703,34551,1707
8600000US93704,93704,ZCTA5 93704,26828,1447
8600000US93705,93705,ZCTA5 93705,38597,1281
8600000US93706,93706,ZCTA5 93706,38448,1636
8600000US93710,93710,ZCTA5 93710,31980,1355
8600000US93711,93711,ZCTA5 93711,39079,1262
8600000US93720,93720,ZCTA5 93720,46351,1516
8600000US93721,93721,ZCTA5 93721,6570,597
8600000US93722,93722,ZCTA5 93722,76672,2255
8600000US93723,93723,ZCTA5 93723,8640,993
8600000US93725,93725,ZCTA5 93725,25386,1529
8600000US93726,93726,ZCTA5 93726,40627,1502
8600000US93727,93727,ZCTA5 93727,68590,2157
8600000US93728,93728,ZCTA5 93728,15164,997
8600000US93730,93730,ZCTA5 93730,10098,832
8600000US93901,93901,ZCTA5 93901,25823,1194
8600000US93905,93905,ZCTA5 93905,61000,1292
8600000US93906,93906,ZCTA5 93906,61030,1299
8600000US93907,93907,ZCTA5 93907,21987,1102
8600000US93908,93908,ZCTA5 93908,12878,802
8600000US93920,93920,ZCTA5 93920,715,238
8600000US93921,93921,ZCTA5 93921,2864,256
8600000US93923,93923,ZCTA5 93923,13362,899
8600000US93924,93924,ZCTA5 93924,6133,707
8600000US93925,93925,ZCTA5 93925,1665,307
8600000US93926,93926,ZCTA5 93926,8494,217
8600000US93927,93927,ZCTA5 93927,16976,278
8600000US93928,93928,ZCTA5 93928,338,151
8600000US93930,93930,ZCTA5 93930,16222,633
8600000US93932,93932,ZCTA5 93932,443,137
8600000US93933,93933,ZCTA5 93933,22723,306
8600000US93940,93940,ZCTA5 93940,31952,316
8600000US93943,93943,ZCTA5 93943,42,74
8600000US93950,93950,ZCTA5 93950,15102,34
8600000US93953,93953,ZCTA5 93953,4470,395
8600000US93954,93954,ZCTA5 93954,244,110
8600000US93955,93955,ZCTA5 93955,33314,94
8600000US93960,93960,ZCTA5 93960,27057,368
8600000US93962,93962,ZCTA5 93962,931,358
8600000US94002,94002,ZCTA5 94002,26141,199
8600000US94005,94005,ZCTA5 94005,4266,20
8600000US94010,94010,ZCTA5 94010,40907,374
8600000US94014,94014,ZCTA5 94014,47866,1080
8600000US94015,94015,ZCTA5 94015,60446,1140
8600000US94019,94019,ZCTA5 94019,17688,774
8600000US94020,94020,ZCTA5 94020,1651,317
8600000US94021,94021,ZCTA5 94021,93,82
8600000US94022,94022,ZCTA5 94022,19310,507
8600000US94024,94024,ZCTA5 94024,22536,667
8600000US94025,94025,ZCTA5 94025,40608,639
8600000US94027,94027,ZCTA5 94027,7083,105
8600000US94028,94028,ZCTA5 94028,6633,436
8600000US94030,94030,ZCTA5 94030,21567,30
8600000US94037,94037,ZCTA5 94037,2567,550
8600000US94038,94038,ZCTA5 94038,2814,471
8600000US94040,94040,ZCTA5 94040,33918,980
8600000US94041,94041,ZCTA5 94041,12929,568
8600000US94043,94043,ZCTA5 94043,27279,785
8600000US94044,94044,ZCTA5 94044,37558,179
8600000US94060,94060,ZCTA5 94060,1561,489
8600000US94061,94061,ZCTA5 94061,36343,1353
8600000US94062,94062,ZCTA5 94062,26782,988
8600000US94063,94063,ZCTA5 94063,31427,1312
8600000US94065,94065,ZCTA5 94065,11108,478
8600000US94066,94066,ZCTA5 94066,41383,236
8600000US94070,94070,ZCTA5 94070,29358,250
8600000US94074,94074,ZCTA5 94074,241,202
8600000US94080,94080,ZCTA5 94080,64363,386
8600000US94085,94085,ZCTA5 94085,22688,1203
8600000US94086,94086,ZCTA5 94086,45531,1188
8600000US94087,94087,ZCTA5 94087,53446,950
8600000US94089,94089,ZCTA5 94089,20282,764
8600000US94102,94102,ZCTA5 94102,25531,1490
8600000US94103,94103,ZCTA5 94103,23909,1283
8600000US94104,94104,ZCTA5 94104,305,114
8600000US94105,94105,ZCTA5 94105,4801,753
8600000US94107,94107,ZCTA5 94107,26762,1292
8600000US94108,94108,ZCTA5 94108,13518,794
8600000US94109,94109,ZCTA5 94109,54412,1507
8600000US94110,94110,ZCTA5 94110,70804,1919
8600000US94111,94111,ZCTA5 94111,3493,390
8600000US94112,94112,ZCTA5 94112,80726,2113
8600000US94114,94114,ZCTA5 94114,32328,810
8600000US94115,94115,ZCTA5 94115,32882,1441
8600000US94116,94116,ZCTA5 94116,43923,1454
8600000US94117,94117,ZCTA5 94117,40932,1494
8600000US94118,94118,ZCTA5 94118,39567,1518
8600000US94121,94121,ZCTA5 94121,43597,1362
8600000US94122,94122,ZCTA5 94122,57805,1607
8600000US94123,94123,ZCTA5 94123,23710,1240
8600000US94124,94124,ZCTA5 94124,34296,1384
8600000US94127,94127,ZCTA5 94127,19075,918
8600000US94128,94128,ZCTA5 94128,48,55
8600000US94129,94129,ZCTA5 94129,2730,445
8600000US94130,94130,ZCTA5 94130,2501,464
8600000US94131,94131,ZCTA5 94131,27914,1290
8600000US94132,94132,ZCTA5 94132,31425,1494
8600000US94133,94133,ZCTA5 94133,27580,1051
8600000US94134,94134,ZCTA5 94134,38889,1393
8600000US94158,94158,ZCTA5 94158,4340,714
8600000US94301,94301,ZCTA5 94301,16819,605
8600000US94303,94303,ZCTA5 94303,45714,498
8600000US94304,94304,ZCTA5 94304,3791,296
8600000US94305,94305,ZCTA5 94305,13541,797
8600000US94306,94306,ZCTA5 94306,26448,639
8600000US94401,94401,ZCTA5 94401,35721,1185
8600000US94402,94402,ZCTA5 94402,23622,927
8600000US94403,94403,ZCTA5 94403,39311,914
8600000US94404,94404,ZCTA5 94404,33792,254
8600000US94501,94501,ZCTA5 94501,60639,552
8600000US94502,94502,ZCTA5 94502,13384,552
8600000US94503,94503,ZCTA5 94503,19494,272
8600000US94505,94505,ZCTA5 94505,12680,1081
8600000US94506,94506,ZCTA5 94506,21312,1153
8600000US94507,94507,ZCTA5 94507,15817,961
8600000US94508,94508,ZCTA5 94508,3638,443
8600000US94509,94509,ZCTA5 94509,61665,1454
8600000US94510,94510,ZCTA5 94510,27180,115
8600000US94511,94511,ZCTA5 94511,1910,378
8600000US94512,94512,ZCTA5 94512,241,195
8600000US94513,94513,ZCTA5 94513,53902,724
8600000US94514,94514,ZCTA5 94514,1020,294
8600000US94515,94515,ZCTA5 94515,6815,275
8600000US94516,94516,ZCTA5 94516,120,55
8600000US94517,94517,ZCTA5 94517,12582,429
8600000US94518,94518,ZCTA5 94518,26162,863
8600000US94519,94519,ZCTA5 94519,19819,815
8600000US94520,94520,ZCTA5 94520,37477,1276
8600000US94521,94521,ZCTA5 94521,40854,1047
8600000US94523,94523,ZCTA5 94523,33728,194
8600000US94525,94525,ZCTA5 94525,2866,332
8600000US94526,94526,ZCTA5 94526,31915,820
8600000US94528,94528,ZCTA5 94528,1175,548
8600000US94530,94530,ZCTA5 94530,23913,102
8600000US94531,94531,ZCTA5 94531,41237,1454
8600000US94533,94533,ZCTA5 94533,66641,1184
8600000US94534,94534,ZCTA5 94534,36026,1160
8600000US94535,94535,ZCTA5 94535,6007,483
8600000US94536,94536,ZCTA5 94536,68924,1663
8600000US94538,94538,ZCTA5 94538,60439,1517
8600000US94539,94539,ZCTA5 94539,51369,1252
8600000US94541,94541,ZCTA5 94541,60736,1806
8600000US94542,94542,ZCTA5 94542,12446,948
8600000US94544,94544,ZCTA5 94544,75917,1596
8600000US94545,94545,ZCTA5 94545,28966,953
8600000US94546,94546,ZCTA5 94546,42766,1261
8600000US94547,94547,ZCTA5 94547,24060,153
8600000US94548,94548,ZCTA5 94548,430,162
8600000US94549,94549,ZCTA5 94549,27340,500
8600000US94550,94550,ZCTA5 94550,46915,861
8600000US94551,94551,ZCTA5 94551,36994,899
8600000US94552,94552,ZCTA5 94552,14199,779
8600000US94553,94553,ZCTA5 94553,47583,888
8600000US94555,94555,ZCTA5 94555,34463,1134
8600000US94556,94556,ZCTA5 94556,14716,214
8600000US94558,94558,ZCTA5 94558,66743,1167
8600000US94559,94559,ZCTA5 94559,27132,952
8600000US94560,94560,ZCTA5 94560,42712,66
8600000US94561,94561,ZCTA5 94561,36908,386
8600000US94563,94563,ZCTA5 94563,17779,106
8600000US94564,94564,ZCTA5 94564,18505,66
8600000US94565,94565,ZCTA5 94565,85275,1159
8600000US94566,94566,ZCTA5 94566,41006,746
8600000US94567,94567,ZCTA5 94567,691,283
8600000US94568,94568,ZCTA5 94568,45695,137
8600000US94569,94569,ZCTA5 94569,361,223
8600000US94571,94571,ZCTA5 94571,7784,330
8600000US94572,94572,ZCTA5 94572,8867,584
8600000US94573,94573,ZCTA5 94573,127,92
8600000US94574,94574,ZCTA5 94574,9288,508
8600000US94575,94575,ZCTA5 94575,1581,210
8600000US94576,94576,ZCTA5 94576,116,85
8600000US94577,94577,ZCTA5 94577,44778,1269
8600000US94578,94578,ZCTA5 94578,38230,1977
8600000US94579,94579,ZCTA5 94579,20528,1009
8600000US94580,94580,ZCTA5 94580,28531,1343
8600000US94582,94582,ZCTA5 94582,37131,884
8600000US94583,94583,ZCTA5 94583,35248,898
8600000US94585,94585,ZCTA5 94585,28972,185
8600000US94586,94586,ZCTA5 94586,848,158
8600000US94587,94587,ZCTA5 94587,69820,47
8600000US94588,94588,ZCTA5 94588,30435,803
8600000US94589,94589,ZCTA5 94589,31174,1115
8600000US94590,94590,ZCTA5 94590,34960,1363
8600000US94591,94591,ZCTA5 94591,52796,1232
8600000US94592,94592,ZCTA5 94592,583,203
8600000US94595,94595,ZCTA5 94595,16400,761
8600000US94596,94596,ZCTA5 94596,20192,947
8600000US94597,94597,ZCTA5 94597,19933,866
8600000US94598,94598,ZCTA5 94598,26127,954
8600000US94599,94599,ZCTA5 94599,3071,57
8600000US94601,94601,ZCTA5 94601,49138,2042
8600000US94602,94602,ZCTA5 94602,28559,986
8600000US94603,94603,ZCTA5 94603,33774,1601
8600000US94605,94605,ZCTA5 94605,40890,1671
8600000US94606,94606,ZCTA5 94606,36051,1361
8600000US94607,94607,ZCTA5 94607,23602,1090
8600000US94608,94608,ZCTA5 94608,25994,1345
8600000US94609,94609,ZCTA5 94609,21389,1110
8600000US94610,94610,ZCTA5 94610,30276,859
8600000US94611,94611,ZCTA5 94611,36277,1110
8600000US94612,94612,ZCTA5 94612,13110,928
8600000US94613,94613,ZCTA5 94613,800,151
8600000US94618,94618,ZCTA5 94618,17074,754
8600000US94619,94619,ZCTA5 94619,23525,1270
8600000US94621,94621,ZCTA5 94621,31410,1404
8600000US94702,94702,ZCTA5 94702,16187,789
8600000US94703,94703,ZCTA5 94703,20758,903
8600000US94704,94704,ZCTA5 94704,24065,1076
8600000US94705,94705,ZCTA5 94705,12687,639
8600000US94706,94706,ZCTA5 94706,19469,164
8600000US94707,94707,ZCTA5 94707,12100,465
8600000US94708,94708,ZCTA5 94708,11289,438
8600000US94709,94709,ZCTA5 94709,12643,787
8600000US94710,94710,ZCTA5 94710,5897,399
8600000US94720,94720,ZCTA5 94720,2960,543
8600000US94801,94801,ZCTA5 94801,29277,1223
8600000US94803,94803,ZCTA5 94803,25641,1157
8600000US94804,94804,ZCTA5 94804,39635,1289
8600000US94805,94805,ZCTA5 94805,13242,1054
8600000US94806,94806,ZCTA5 94806,59976,1274
8600000US94850,94850,ZCTA5 94850,0,13
8600000US94901,94901,ZCTA5 94901,40663,890
8600000US94903,94903,ZCTA5 94903,29709,1019
8600000US94904,94904,ZCTA5 94904,12156,465
8600000US94920,94920,ZCTA5 94920,12490,408
8600000US94922,94922,ZCTA5 94922,270,192
8600000US94923,94923,ZCTA5 94923,970,258
8600000US94924,94924,ZCTA5 94924,1108,289
8600000US94925,94925,ZCTA5 94925,9267,44
8600000US94928,94928,ZCTA5 94928,42206,229
8600000US94929,94929,ZCTA5 94929,142,94
8600000US94930,94930,ZCTA5 94930,8287,200
8600000US94931,94931,ZCTA5 94931,8578,367
8600000US94933,94933,ZCTA5 94933,1190,330
8600000US94937,94937,ZCTA5 94937,1129,391
8600000US94938,94938,ZCTA5 94938,745,289
8600000US94939,94939,ZCTA5 94939,6779,320
8600000US94940,94940,ZCTA5 94940,215,90
8600000US94941,94941,ZCTA5 94941,31070,572
8600000US94945,94945,ZCTA5 94945,17496,892
8600000US94946,94946,ZCTA5 94946,532,115
8600000US94947,94947,ZCTA5 94947,24254,839
8600000US94949,94949,ZCTA5 94949,17000,872
8600000US94950,94950,ZCTA5 94950,53,45
8600000US94951,94951,ZCTA5 94951,4318,760
8600000US94952,94952,ZCTA5 94952,32925,761
8600000US94954,94954,ZCTA5 94954,37384,686
8600000US94956,94956,ZCTA5 94956,1718,469
8600000US94957,94957,ZCTA5 94957,1002,180
8600000US94960,94960,ZCTA5 94960,15749,377
8600000US94963,94963,ZCTA5 94963,539,189
8600000US94964,94964,ZCTA5 94964,5279,524
8600000US94965,94965,ZCTA5 94965,11029,446
8600000US94970,94970,ZCTA5 94970,525,167
8600000US94971,94971,ZCTA5 94971,483,222
8600000US94972,94972,ZCTA5 94972,35,51
8600000US94973,94973,ZCTA5 94973,1454,371
8600000US95002,95002,ZCTA5 95002,1906,277
8600000US95003,95003,ZCTA5 95003,23946,918
8600000US95004,95004,ZCTA5 95004,3795,653
8600000US95005,95005,ZCTA5 95005,5945,556
8600000US95006,95006,ZCTA5 95006,9543,684
8600000US95007,95007,ZCTA5 95007,602,315
8600000US95008,95008,ZCTA5 95008,44909,893
8600000US95010,95010,ZCTA5 95010,8980,441
8600000US95012,95012,ZCTA5 95012,10490,906
8600000US95013,95013,ZCTA5 95013,0,13
8600000US95014,95014,ZCTA5 95014,60690,449
8600000US95017,95017,ZCTA5 95017,698,180
8600000US95018,95018,ZCTA5 95018,8110,705
8600000US95019,95019,ZCTA5 95019,8157,1054
8600000US95020,95020,ZCTA5 95020,56865,960
8600000US95023,95023,ZCTA5 95023,49598,601
8600000US95030,95030,ZCTA5 95030,13534,638
8600000US95032,95032,ZCTA5 95032,25039,808
8600000US95033,95033,ZCTA5 95033,9540,595
8600000US95035,95035,ZCTA5 95035,67380,252
8600000US95037,95037,ZCTA5 95037,45924,947
8600000US95039,95039,ZCTA5 95039,1253,358
8600000US95041,95041,ZCTA5 95041,202,142
8600000US95043,95043,ZCTA5 95043,595,118
8600000US95045,95045,ZCTA5 95045,3644,573
8600000US95046,95046,ZCTA5 95046,6691,866
8600000US95050,95050,ZCTA5 95050,36587,1369
8600000US95051,95051,ZCTA5 95051,53394,1307
8600000US95053,95053,ZCTA5 95053,2312,503
8600000US95054,95054,ZCTA5 95054,23188,972
8600000US95060,95060,ZCTA5 95060,46821,1316
8600000US95062,95062,ZCTA5 95062,35827,1568
8600000US95064,95064,ZCTA5 95064,7090,504
8600000US95065,95065,ZCTA5 95065,8620,542
8600000US95066,95066,ZCTA5 95066,15038,569
8600000US95070,95070,ZCTA5 95070,30533,196
8600000US95073,95073,ZCTA5 95073,10235,645
8600000US95075,95075,ZCTA5 95075,264,83
8600000US95076,95076,ZCTA5 95076,81736,1695
8600000US95110,95110,ZCTA5 95110,18179,1013
8600000US95111,95111,ZCTA5 95111,57125,1697
8600000US95112,95112,ZCTA5 95112,53268,2073
8600000US95113,95113,ZCTA5 95113,702,178
8600000US95116,95116,ZCTA5 95116,49728,1523
8600000US95117,95117,ZCTA5 95117,30980,1267
8600000US95118,95118,ZCTA5 95118,31312,926
8600000US95119,95119,ZCTA5 95119,9466,672
8600000US95120,95120,ZCTA5 95120,38351,963
8600000US95121,95121,ZCTA5 95121,37135,1359
8600000US95122,95122,ZCTA5 95122,54873,1730
8600000US95123,95123,ZCTA5 95123,63495,1488
8600000US95124,95124,ZCTA5 95124,47854,1381
8600000US95125,95125,ZCTA5 95125,52805,1355
8600000US95126,95126,ZCTA5 95126,31965,1254
8600000US95127,95127,ZCTA5 95127,64392,2096
8600000US95128,95128,ZCTA5 95128,36020,1332
8600000US95129,95129,ZCTA5 95129,39436,1010
8600000US95130,95130,ZCTA5 95130,14529,672
8600000US95131,95131,ZCTA5 95131,28990,1200
8600000US95132,95132,ZCTA5 95132,40882,1256
8600000US95133,95133,ZCTA5 95133,26189,1098
8600000US95134,95134,ZCTA5 95134,15316,786
8600000US95135,95135,ZCTA5 95135,21159,632
8600000US95136,95136,ZCTA5 95136,42565,1208
8600000US95138,95138,ZCTA5 95138,19104,935
8600000US95139,95139,ZCTA5 95139,6690,473
8600000US95140,95140,ZCTA5 95140,321,255
8600000US95148,95148,ZCTA5 95148,45677,1252
8600000US95202,95202,ZCTA5 95202,5808,648
8600000US95203,95203,ZCTA5 95203,15431,985
8600000US95204,95204,ZCTA5 95204,29200,1259
8600000US95205,95205,ZCTA5 95205,36300,1740
8600000US95206,95206,ZCTA5 95206,63820,1920
8600000US95207,95207,ZCTA5 95207,47604,1464
8600000US95209,95209,ZCTA5 95209,41153,1517
8600000US95210,95210,ZCTA5 95210,40502,1298
8600000US95211,95211,ZCTA5 95211,1919,337
8600000US95212,95212,ZCTA5 95212,25219,1535
8600000US95215,95215,ZCTA5 95215,23902,1222
8600000US95219,95219,ZCTA5 95219,27913,1151
8600000US95220,95220,ZCTA5 95220,6819,788
8600000US95222,95222,ZCTA5 95222,5062,399
8600000US95223,95223,ZCTA5 95223,3156,517
8600000US95224,95224,ZCTA5 95224,291,176
8600000US95225,95225,ZCTA5 95225,506,288
8600000US95226,95226,ZCTA5 95226,274,432
8600000US95227,95227,ZCTA5 95227,892,311
8600000US95228,95228,ZCTA5 95228,4365,630
8600000US95230,95230,ZCTA5 95230,833,412
8600000US95231,95231,ZCTA5 95231,5205,789
8600000US95232,95232,ZCTA5 95232,396,243
8600000US95233,95233,ZCTA5 95233,419,265
8600000US95234,95234,ZCTA5 95234,180,78
8600000US95236,95236,ZCTA5 95236,3752,622
8600000US95237,95237,ZCTA5 95237,3431,476
8600000US95240,95240,ZCTA5 95240,46811,1230
8600000US95242,95242,ZCTA5 95242,25351,1166
8600000US95245,95245,ZCTA5 95245,2217,448
8600000US95246,95246,ZCTA5 95246,1119,311
8600000US95247,95247,ZCTA5 95247,4518,621
8600000US95248,95248,ZCTA5 95248,205,131
8600000US95249,95249,ZCTA5 95249,3817,546
8600000US95250,95250,ZCTA5 95250,33,53
8600000US95251,95251,ZCTA5 95251,819,377
8600000US95252,95252,ZCTA5 95252,15050,733
8600000US95254,95254,ZCTA5 95254,511,363
8600000US95255,95255,ZCTA5 95255,2380,376
8600000US95257,95257,ZCTA5 95257,425,194
8600000US95258,95258,ZCTA5 95258,3799,615
8600000US95301,95301,ZCTA5 95301,36542,819
8600000US95303,95303,ZCTA5 95303,949,276
8600000US95304,95304,ZCTA5 95304,17586,1080
8600000US95305,95305,ZCTA5 95305,85,113
8600000US95306,95306,ZCTA5 95306,872,247
8600000US95307,95307,ZCTA5 95307,43596,1057
8600000US95310,95310,ZCTA5 95310,1820,354
8600000US95311,95311,ZCTA5 95311,2119,397
8600000US95312,95312,ZCTA5 95312,357,180
8600000US95313,95313,ZCTA5 95313,1472,671
8600000US95314,95314,ZCTA5 95314,0,13
8600000US95315,95315,ZCTA5 95315,12916,844
8600000US95316,95316,ZCTA5 95316,6619,805
8600000US95317,95317,ZCTA5 95317,942,264
8600000US95318,95318,ZCTA5 95318,471,243
8600000US95319,95319,ZCTA5 95319,1191,359
8600000US95320,95320,ZCTA5 95320,12947,831
8600000US95321,95321,ZCTA5 95321,3506,352
8600000US95322,95322,ZCTA5 95322,9646,937
8600000US95323,95323,ZCTA5 95323,1131,210
8600000US95324,95324,ZCTA5 95324,6886,628
8600000US95325,95325,ZCTA5 95325,61,87
8600000US95326,95326,ZCTA5 95326,8884,523
8600000US95327,95327,ZCTA5 95327,9776,761
8600000US95328,95328,ZCTA5 95328,4325,543
8600000US95329,95329,ZCTA5 95329,2744,394
8600000US95330,95330,ZCTA5 95330,16278,305
8600000US95333,95333,ZCTA5 95333,2896,325
8600000US95334,95334,ZCTA5 95334,15747,406
8600000US95335,95335,ZCTA5 95335,707,406
8600000US95336,95336,ZCTA5 95336,43753,1176
8600000US95337,95337,ZCTA5 95337,30987,1143
8600000US95338,95338,ZCTA5 95338,11834,610
8600000US95340,95340,ZCTA5 95340,31624,1338
8600000US95341,95341,ZCTA5 95341,33934,1364
8600000US95345,95345,ZCTA5 95345,264,133
8600000US95346,95346,ZCTA5 95346,970,380
8600000US95348,95348,ZCTA5 95348,31570,1561
8600000US95350,95350,ZCTA5 95350,50159,1486
8600000US95351,95351,ZCTA5 95351,46681,1712
8600000US95354,95354,ZCTA5 95354,24364,1198
8600000US95355,95355,ZCTA5 95355,59392,1665
8600000US95356,95356,ZCTA5 95356,31539,1349
8600000US95357,95357,ZCTA5 95357,11099,894
8600000US95358,95358,ZCTA5 95358,31592,1614
8600000US95360,95360,ZCTA5 95360,11583,515
8600000US95361,95361,ZCTA5 95361,32440,928
8600000US95363,95363,ZCTA5 95363,25603,718
8600000US95364,95364,ZCTA5 95364,0,13
8600000US95365,95365,ZCTA5 95365,5300,528
8600000US95366,95366,ZCTA5 95366,16603,538
8600000US95367,95367,ZCTA5 95367,23076,161
8600000US95368,95368,ZCTA5 95368,14319,906
8600000US95369,95369,ZCTA5 95369,1161,314
8600000US95370,95370,ZCTA5 95370,27551,1064
8600000US95372,95372,ZCTA5 95372,1549,382
8600000US95374,95374,ZCTA5 95374,1813,449
8600000US95375,95375,ZCTA5 95375,179,200
8600000US95376,95376,ZCTA5 95376,49357,1485
8600000US95377,95377,ZCTA5 95377,30326,1438
8600000US95379,95379,ZCTA5 95379,3716,580
8600000US95380,95380,ZCTA5 95380,39704,1225
8600000US95382,95382,ZCTA5 95382,37570,1065
8600000US95383,95383,ZCTA5 95383,3774,617
8600000US95385,95385,ZCTA5 95385,403,212
8600000US95386,95386,ZCTA5 95386,9816,310
8600000US95387,95387,ZCTA5 95387,850,392
8600000US95388,95388,ZCTA5 95388,14001,914
8600000US95389,95389,ZCTA5 95389,1234,453
8600000US95391,95391,ZCTA5 95391,10276,1290
8600000US95401,95401,ZCTA5 95401,35882,1279
8600000US95403,95403,ZCTA5 95403,46070,1223
8600000US95404,95404,ZCTA5 95404,38817,1430
8600000US95405,95405,ZCTA5 95405,20927,871
8600000US95407,95407,ZCTA5 95407,40068,1374
8600000US95409,95409,ZCTA5 95409,26549,1113
8600000US95410,95410,ZCTA5 95410,948,226
8600000US95412,95412,ZCTA5 95412,298,120
8600000US95415,95415,ZCTA5 95415,1631,328
8600000US95417,95417,ZCTA5 95417,218,105
8600000US95420,95420,ZCTA5 95420,591,254
8600000US95421,95421,ZCTA5 95421,1400,156
8600000US95422,95422,ZCTA5 95422,15379,136
8600000US95423,95423,ZCTA5 95423,3147,536
8600000US95425,95425,ZCTA5 95425,10555,469
8600000US95426,95426,ZCTA5 95426,2344,538
8600000US95427,95427,ZCTA5 95427,278,89
8600000US95428,95428,ZCTA5 95428,2528,344
8600000US95429,95429,ZCTA5 95429,114,55
8600000US95430,95430,ZCTA5 95430,0,13
8600000US95431,95431,ZCTA5 95431,538,572
8600000US95432,95432,ZCTA5 95432,514,252
8600000US95435,95435,ZCTA5 95435,166,264
8600000US95436,95436,ZCTA5 95436,5355,561
8600000US95437,95437,ZCTA5 95437,14193,572
8600000US95439,95439,ZCTA5 95439,727,328
8600000US95441,95441,ZCTA5 95441,2301,372
8600000US95442,95442,ZCTA5 95442,3575,416
8600000US95443,95443,ZCTA5 95443,251,241
8600000US95444,95444,ZCTA5 95444,903,238
8600000US95445,95445,ZCTA5 95445,1758,338
8600000US95446,95446,ZCTA5 95446,4788,641
8600000US95448,95448,ZCTA5 95448,16645,573
8600000US95449,95449,ZCTA5 95449,1518,304
8600000US95450,95450,ZCTA5 95450,191,75
8600000US95451,95451,ZCTA5 95451,11565,869
8600000US95452,95452,ZCTA5 95452,1070,331
8600000US95453,95453,ZCTA5 95453,11054,648
8600000US95454,95454,ZCTA5 95454,2226,332
8600000US95456,95456,ZCTA5 95456,943,424
8600000US95457,95457,ZCTA5 95457,3369,550
8600000US95458,95458,ZCTA5 95458,3049,552
8600000US95459,95459,ZCTA5 95459,605,145
8600000US95460,95460,ZCTA5 95460,2406,444
8600000US95461,95461,ZCTA5 95461,3811,784
8600000US95462,95462,ZCTA5 95462,1377,289
8600000US95463,95463,ZCTA5 95463,0,13
8600000US95464,95464,ZCTA5 95464,2132,440
8600000US95465,95465,ZCTA5 95465,2235,413
8600000US95466,95466,ZCTA5 95466,956,380
8600000US95467,95467,ZCTA5 95467,5679,934
8600000US95468,95468,ZCTA5 95468,1222,259
8600000US95469,95469,ZCTA5 95469,1915,299
8600000US95470,95470,ZCTA5 95470,6070,638
8600000US95471,95471,ZCTA5 95471,425,289
8600000US95472,95472,ZCTA5 95472,29118,1241
8600000US95476,95476,ZCTA5 95476,37602,1203
8600000US95482,95482,ZCTA5 95482,33163,921
8600000US95485,95485,ZCTA5 95485,2115,380
8600000US95486,95486,ZCTA5 95486,17,26
8600000US95488,95488,ZCTA5 95488,254,94
8600000US95490,95490,ZCTA5 95490,12602,719
8600000US95492,95492,ZCTA5 95492,28844,610
8600000US95493,95493,ZCTA5 95493,274,130
8600000US95494,95494,ZCTA5 95494,153,163
8600000US95497,95497,ZCTA5 95497,762,172
8600000US95501,95501,ZCTA5 95501,23800,689
8600000US95503,95503,ZCTA5 95503,24717,934
8600000US95511,95511,ZCTA5 95511,430,205
8600000US95514,95514,ZCTA5 95514,187,150
8600000US95519,95519,ZCTA5 95519,19135,889
8600000US95521,95521,ZCTA5 95521,20108,499
8600000US95524,95524,ZCTA5 95524,2133,368
8600000US95525,95525,ZCTA5 95525,1768,247
8600000US95526,95526,ZCTA5 95526,410,248
8600000US95527,95527,ZCTA5 95527,562,151
8600000US95528,95528,ZCTA5 95528,1079,235
8600000US95531,95531,ZCTA5 95531,24301,438
8600000US95536,95536,ZCTA5 95536,3065,332
8600000US95537,95537,ZCTA5 95537,120,127
8600000US95540,95540,ZCTA5 95540,13159,297
8600000US95542,95542,ZCTA5 95542,2259,477
8600000US95543,95543,ZCTA5 95543,628,233
8600000US95545,95545,ZCTA5 95545,61,57
8600000US95546,95546,ZCTA5 95546,3424,404
8600000US95547,95547,ZCTA5 95547,1244,232
8600000US95548,95548,ZCTA5 95548,1658,391
8600000US95549,95549,ZCTA5 95549,813,190
8600000US95550,95550,ZCTA5 95550,226,122
8600000US95551,95551,ZCTA5 95551,2009,467
8600000US95552,95552,ZCTA5 95552,425,129
8600000US95553,95553,ZCTA5 95553,1073,418
8600000US95554,95554,ZCTA5 95554,476,211
8600000US95555,95555,ZCTA5 95555,335,103
8600000US95556,95556,ZCTA5 95556,649,317
8600000US95558,95558,ZCTA5 95558,312,123
8600000US95559,95559,ZCTA5 95559,164,134
8600000US95560,95560,ZCTA5 95560,1098,357
8600000US95562,95562,ZCTA5 95562,3388,41
8600000US95563,95563,ZCTA5 95563,585,171
8600000US95564,95564,ZCTA5 95564,521,190
8600000US95565,95565,ZCTA5 95565,1038,229
8600000US95567,95567,ZCTA5 95567,1909,338
8600000US95568,95568,ZCTA5 95568,128,53
8600000US95569,95569,ZCTA5 95569,319,99
8600000US95570,95570,ZCTA5 95570,2103,191
8600000US95571,95571,ZCTA5 95571,59,74
8600000US95573,95573,ZCTA5 95573,1507,377
8600000US95585,95585,ZCTA5 95585,440,223
8600000US95587,95587,ZCTA5 95587,117,103
8600000US95589,95589,ZCTA5 95589,1127,379
8600000US95595,95595,ZCTA5 95595,176,71
8600000US95601,95601,ZCTA5 95601,183,108
8600000US95602,95602,ZCTA5 95602,17687,994
8600000US95603,95603,ZCTA5 95603,28113,1020
8600000US95604,95604,ZCTA5 95604,0,13
8600000US95605,95605,ZCTA5 95605,13706,925
8600000US95606,95606,ZCTA5 95606,114,96
8600000US95607,95607,ZCTA5 95607,331,167
8600000US95608,95608,ZCTA5 95608,60288,1612
8600000US95610,95610,ZCTA5 95610,43805,1004
8600000US95612,95612,ZCTA5 95612,1056,207
8600000US95614,95614,ZCTA5 95614,3972,441
8600000US95615,95615,ZCTA5 95615,1025,382
8600000US95616,95616,ZCTA5 95616,49138,1034
8600000US95618,95618,ZCTA5 95618,26397,928
8600000US95619,95619,ZCTA5 95619,5220,730
8600000US95620,95620,ZCTA5 95620,20638,505
8600000US95621,95621,ZCTA5 95621,40829,1044
8600000US95623,95623,ZCTA5 95623,3934,485
8600000US95624,95624,ZCTA5 95624,59573,1262
8600000US95625,95625,ZCTA5 95625,192,240
8600000US95626,95626,ZCTA5 95626,6050,639
8600000US95627,95627,ZCTA5 95627,3270,482
8600000US95628,95628,ZCTA5 95628,39863,1050
8600000US95629,95629,ZCTA5 95629,907,310
8600000US95630,95630,ZCTA5 95630,71676,117
8600000US95631,95631,ZCTA5 95631,5624,563
8600000US95632,95632,ZCTA5 95632,29793,759
8600000US95633,95633,ZCTA5 95633,3442,578
8600000US95634,95634,ZCTA5 95634,3239,628
8600000US95635,95635,ZCTA5 95635,1109,334
8600000US95636,95636,ZCTA5 95636,878,429
8600000US95637,95637,ZCTA5 95637,605,398
8600000US95638,95638,ZCTA5 95638,2213,445
8600000US95639,95639,ZCTA5 95639,244,131
8600000US95640,95640,ZCTA5 95640,11024,432
8600000US95641,95641,ZCTA5 95641,1704,334
8600000US95642,95642,ZCTA5 95642,6736,477
8600000US95645,95645,ZCTA5 95645,1716,344
8600000US95646,95646,ZCTA5 95646,105,79
8600000US95648,95648,ZCTA5 95648,46870,762
8600000US95650,95650,ZCTA5 95650,11504,608
8600000US95651,95651,ZCTA5 95651,511,237
8600000US95652,95652,ZCTA5 95652,776,294
8600000US95653,95653,ZCTA5 95653,444,191
8600000US95655,95655,ZCTA5 95655,4687,517
8600000US95658,95658,ZCTA5 95658,6664,497
8600000US95659,95659,ZCTA5 95659,679,156
8600000US95660,95660,ZCTA5 95660,31443,1534
8600000US95661,95661,ZCTA5 95661,30373,958
8600000US95662,95662,ZCTA5 95662,31672,995
8600000US95663,95663,ZCTA5 95663,2749,677
8600000US95664,95664,ZCTA5 95664,1169,237
8600000US95665,95665,ZCTA5 95665,4392,526
8600000US95666,95666,ZCTA5 95666,5504,577
8600000US95667,95667,ZCTA5 95667,36175,1325
8600000US95668,95668,ZCTA5 95668,908,188
8600000US95669,95669,ZCTA5 95669,2682,314
8600000US95670,95670,ZCTA5 95670,53678,782
8600000US95672,95672,ZCTA5 95672,5390,777
8600000US95673,95673,ZCTA5 95673,14641,1153
8600000US95674,95674,ZCTA5 95674,803,115
8600000US95675,95675,ZCTA5 95675,627,324
8600000US95677,95677,ZCTA5 95677,22928,772
8600000US95678,95678,ZCTA5 95678,42135,1313
8600000US95679,95679,ZCTA5 95679,35,35
8600000US95680,95680,ZCTA5 95680,152,249
8600000US95681,95681,ZCTA5 95681,1317,412
8600000US95682,95682,ZCTA5 95682,29269,1182
8600000US95683,95683,ZCTA5 95683,6651,478
8600000US95684,95684,ZCTA5 95684,2905,610
8600000US95685,95685,ZCTA5 95685,4405,504
8600000US95686,95686,ZCTA5 95686,1014,239
8600000US95687,95687,ZCTA5 95687,65634,1060
8600000US95688,95688,ZCTA5 95688,34385,1286
8600000US95689,95689,ZCTA5 95689,1130,322
8600000US95690,95690,ZCTA5 95690,2010,449
8600000US95691,95691,ZCTA5 95691,34676,938
8600000US95692,95692,ZCTA5 95692,4968,331
8600000US95693,95693,ZCTA5 95693,5616,606
8600000US95694,95694,ZCTA5 95694,9739,566
8600000US95695,95695,ZCTA5 95695,37556,1124
8600000US95697,95697,ZCTA5 95697,455,181
8600000US95698,95698,ZCTA5 95698,263,183
8600000US95699,95699,ZCTA5 95699,163,156
8600000US95701,95701,ZCTA5 95701,760,169
8600000US95703,95703,ZCTA5 95703,1082,241
8600000US95709,95709,ZCTA5 95709,4905,567
8600000US95713,95713,ZCTA5 95713,9428,674
8600000US95714,95714,ZCTA5 95714,335,102
8600000US95715,95715,ZCTA5 95715,67,61
8600000US95717,95717,ZCTA5 95717,234,101
8600000US95720,95720,ZCTA5 95720,93,37
8600000US95721,95721,ZCTA5 95721,13,22
8600000US95722,95722,ZCTA5 95722,4417,444
8600000US95724,95724,ZCTA5 95724,0,13
8600000US95726,95726,ZCTA5 95726,8769,842
8600000US95728,95728,ZCTA5 95728,352,218
8600000US95735,95735,ZCTA5 95735,29,16
8600000US95736,95736,ZCTA5 95736,264,164
8600000US95742,95742,ZCTA5 95742,8141,594
8600000US95746,95746,ZCTA5 95746,23441,856
8600000US95747,95747,ZCTA5 95747,51513,1276
8600000US95757,95757,ZCTA5 95757,41246,1776
8600000US95758,95758,ZCTA5 95758,61247,1280
8600000US95762,95762,ZCTA5 95762,39749,1124
8600000US95765,95765,ZCTA5 95765,34508,786
8600000US95776,95776,ZCTA5 95776,21962,1025
8600000US95811,95811,ZCTA5 95811,7309,646
8600000US95814,95814,ZCTA5 95814,9242,598
8600000US95815,95815,ZCTA5 95815,25406,1382
8600000US95816,95816,ZCTA5 95816,16133,763
8600000US95817,95817,ZCTA5 95817,13978,889
8600000US95818,95818,ZCTA5 95818,19866,659
8600000US95819,95819,ZCTA5 95819,16805,819
8600000US95820,95820,ZCTA5 95820,33412,1334
8600000US95821,95821,ZCTA5 95821,32558,1401
8600000US95822,95822,ZCTA5 95822,42185,1486
8600000US95823,95823,ZCTA5 95823,73832,2341
8600000US95824,95824,ZCTA5 95824,30973,1466
8600000US95825,95825,ZCTA5 95825,31870,1194
8600000US95826,95826,ZCTA5 95826,37064,1116
8600000US95827,95827,ZCTA5 95827,20095,836
8600000US95828,95828,ZCTA5 95828,59266,1744
8600000US95829,95829,ZCTA5 95829,26010,1123
8600000US95830,95830,ZCTA5 95830,787,347
8600000US95831,95831,ZCTA5 95831,42052,1177
8600000US95832,95832,ZCTA5 95832,12507,1017
8600000US95833,95833,ZCTA5 95833,37746,1314
8600000US95834,95834,ZCTA5 95834,24063,1241
8600000US95835,95835,ZCTA5 95835,38729,1573
8600000US95837,95837,ZCTA5 95837,289,123
8600000US95838,95838,ZCTA5 95838,35849,1410
8600000US95841,95841,ZCTA5 95841,18216,1046
8600000US95842,95842,ZCTA5 95842,31965,1303
8600000US95843,95843,ZCTA5 95843,46143,1348
8600000US95864,95864,ZCTA5 95864,21538,890
8600000US95901,95901,ZCTA5 95901,32278,954
8600000US95903,95903,ZCTA5 95903,2039,371
8600000US95910,95910,ZCTA5 95910,83,52
8600000US95912,95912,ZCTA5 95912,4799,416
8600000US95914,95914,ZCTA5 95914,739,223
8600000US95915,95915,ZCTA5 95915,59,60
8600000US95916,95916,ZCTA5 95916,1210,215
8600000US95917,95917,ZCTA5 95917,3073,356
8600000US95918,95918,ZCTA5 95918,1740,372
8600000US95919,95919,ZCTA5 95919,1595,421
8600000US95920,95920,ZCTA5 95920,381,211
8600000US95922,95922,ZCTA5 95922,560,125
8600000US95923,95923,ZCTA5 95923,25,28
8600000US95925,95925,ZCTA5 95925,305,267
8600000US95926,95926,ZCTA5 95926,37613,1198
8600000US95928,95928,ZCTA5 95928,36517,1094
8600000US95930,95930,ZCTA5 95930,0,13
8600000US95932,95932,ZCTA5 95932,7795,272
8600000US95934,95934,ZCTA5 95934,305,213
8600000US95935,95935,ZCTA5 95935,322,213
8600000US95936,95936,ZCTA5 95936,326,173
8600000US95937,95937,ZCTA5 95937,1160,409
8600000US95938,95938,ZCTA5 95938,4000,595
8600000US95939,95939,ZCTA5 95939,474,105
8600000US95941,95941,ZCTA5 95941,410,286
8600000US95942,95942,ZCTA5 95942,1398,421
8600000US95943,95943,ZCTA5 95943,889,184
8600000US95944,95944,ZCTA5 95944,67,72
8600000US95945,95945,ZCTA5 95945,24235,740
8600000US95946,95946,ZCTA5 95946,10155,703
8600000US95947,95947,ZCTA5 95947,1698,238
8600000US95948,95948,ZCTA5 95948,10501,394
8600000US95949,95949,ZCTA5 95949,20810,775
8600000US95950,95950,ZCTA5 95950,839,393
8600000US95951,95951,ZCTA5 95951,2654,292
8600000US95953,95953,ZCTA5 95953,10447,376
8600000US95954,95954,ZCTA5 95954,12336,730
8600000US95955,95955,ZCTA5 95955,1189,229
8600000US95956,95956,ZCTA5 95956,421,158
8600000US95957,95957,ZCTA5 95957,950,148
8600000US95959,95959,ZCTA5 95959,17697,980
8600000US95960,95960,ZCTA5 95960,929,265
8600000US95961,95961,ZCTA5 95961,26300,1006
8600000US95962,95962,ZCTA5 95962,1282,395
8600000US95963,95963,ZCTA5 95963,15302,422
8600000US95965,95965,ZCTA5 95965,20709,978
8600000US95966,95966,ZCTA5 95966,30909,975
8600000US95968,95968,ZCTA5 95968,1534,314
8600000US95969,95969,ZCTA5 95969,27385,255
8600000US95970,95970,ZCTA5 95970,402,110
8600000US95971,95971,ZCTA5 95971,5789,469
8600000US95973,95973,ZCTA5 95973,32008,1282
8600000US95974,95974,ZCTA5 95974,0,13
8600000US95975,95975,ZCTA5 95975,1914,415
8600000US95977,95977,ZCTA5 95977,1394,391
8600000US95978,95978,ZCTA5 95978,27,46
8600000US95979,95979,ZCTA5 95979,475,69
8600000US95981,95981,ZCTA5 95981,180,155
8600000US95982,95982,ZCTA5 95982,3082,301
8600000US95983,95983,ZCTA5 95983,693,286
8600000US95984,95984,ZCTA5 95984,80,71
8600000US95986,95986,ZCTA5 95986,19,31
8600000US95987,95987,ZCTA5 95987,6059,242
8600000US95988,95988,ZCTA5 95988,8789,346
8600000US95991,95991,ZCTA5 95991,40172,823
8600000US95993,95993,ZCTA5 95993,36715,861
8600000US96001,96001,ZCTA5 96001,33805,1133
8600000US96002,96002,ZCTA5 96002,33360,1169
8600000US96003,96003,ZCTA5 96003,45295,1284
8600000US96006,96006,ZCTA5 96006,582,192
8600000US96007,96007,ZCTA5 96007,22304,823
8600000US96008,96008,ZCTA5 96008,1196,349
8600000US96009,96009,ZCTA5 96009,552,164
8600000US96010,96010,ZCTA5 96010,209,92
8600000US96011,96011,ZCTA5 96011,116,62
8600000US96013,96013,ZCTA5 96013,3358,531
8600000US96014,96014,ZCTA5 96014,251,144
8600000US96015,96015,ZCTA5 96015,645,200
8600000US96016,96016,ZCTA5 96016,530,319
8600000US96017,96017,ZCTA5 96017,232,101
8600000US96019,96019,ZCTA5 96019,10114,55
8600000US96020,96020,ZCTA5 96020,2488,346
8600000US96021,96021,ZCTA5 96021,15932,782
8600000US96022,96022,ZCTA5 96022,17063,1099
8600000US96023,96023,ZCTA5 96023,1190,160
8600000US96024,96024,ZCTA5 96024,1190,258
8600000US96025,96025,ZCTA5 96025,2243,219
8600000US96027,96027,ZCTA5 96027,2353,302
8600000US96028,96028,ZCTA5 96028,1552,371
8600000US96029,96029,ZCTA5 96029,130,71
8600000US96031,96031,ZCTA5 96031,169,59
8600000US96032,96032,ZCTA5 96032,2258,252
8600000US96033,96033,ZCTA5 96033,402,101
8600000US96034,96034,ZCTA5 96034,300,94
8600000US96035,96035,ZCTA5 96035,3372,501
8600000US96037,96037,ZCTA5 96037,303,151
8600000US96038,96038,ZCTA5 96038,478,130
8600000US96039,96039,ZCTA5 96039,1279,151
8600000US96040,96040,ZCTA5 96040,177,83
8600000US96041,96041,ZCTA5 96041,2790,413
8600000US96044,96044,ZCTA5 96044,1122,174
8600000US96046,96046,ZCTA5 96046,257,121
8600000US96047,96047,ZCTA5 96047,826,176
8600000US96048,96048,ZCTA5 96048,1078,272
8600000US96049,96049,ZCTA5 96049,109,105
8600000US96050,96050,ZCTA5 96050,460,99
8600000US96051,96051,ZCTA5 96051,1126,193
8600000US96052,96052,ZCTA5 96052,1817,317
8600000US96054,96054,ZCTA5 96054,291,147
8600000US96055,96055,ZCTA5 96055,4399,496
8600000US96056,96056,ZCTA5 96056,1516,240
8600000US96057,96057,ZCTA5 96057,1543,222
8600000US96058,96058,ZCTA5 96058,760,163
8600000US96059,96059,ZCTA5 96059,649,198
8600000US96061,96061,ZCTA5 96061,41,25
8600000US96062,96062,ZCTA5 96062,1247,266
8600000US96063,96063,ZCTA5 96063,193,70
8600000US96064,96064,ZCTA5 96064,4277,324
8600000US96065,96065,ZCTA5 96065,330,108
8600000US96067,96067,ZCTA5 96067,7152,445
8600000US96068,96068,ZCTA5 96068,219,93
8600000US96069,96069,ZCTA5 96069,812,135
8600000US96071,96071,ZCTA5 96071,88,67
8600000US96073,96073,ZCTA5 96073,4740,431
8600000US96074,96074,ZCTA5 96074,247,81
8600000US96075,96075,ZCTA5 96075,355,92
8600000US96076,96076,ZCTA5 96076,147,99
8600000US96080,96080,ZCTA5 96080,28149,820
8600000US96084,96084,ZCTA5 96084,579,129
8600000US96085,96085,ZCTA5 96085,31,21
8600000US96086,96086,ZCTA5 96086,402,81
8600000US96087,96087,ZCTA5 96087,487,191
8600000US96088,96088,ZCTA5 96088,4377,537
8600000US96090,96090,ZCTA5 96090,419,125
8600000US96091,96091,ZCTA5 96091,732,192
8600000US96092,96092,ZCTA5 96092,269,83
8600000US96093,96093,ZCTA5 96093,3786,511
8600000US96094,96094,ZCTA5 96094,6432,281
8600000US96096,96096,ZCTA5 96096,828,196
8600000US96097,96097,ZCTA5 96097,10159,519
8600000US96101,96101,ZCTA5 96101,4928,384
8600000US96103,96103,ZCTA5 96103,1254,296
8600000US96104,96104,ZCTA5 96104,768,147
8600000US96105,96105,ZCTA5 96105,625,313
8600000US96106,96106,ZCTA5 96106,249,115
8600000US96107,96107,ZCTA5 96107,1514,350
8600000US96108,96108,ZCTA5 96108,19,29
8600000US96109,96109,ZCTA5 96109,701,223
8600000US96110,96110,ZCTA5 96110,100,62
8600000US96111,96111,ZCTA5 96111,53,45
8600000US96112,96112,ZCTA5 96112,151,71
8600000US96113,96113,ZCTA5 96113,2001,593
8600000US96114,96114,ZCTA5 96114,3226,319
8600000US96115,96115,ZCTA5 96115,238,113
8600000US96116,96116,ZCTA5 96116,199,128
8600000US96117,96117,ZCTA5 96117,182,111
8600000US96118,96118,ZCTA5 96118,1500,305
8600000US96119,96119,ZCTA5 96119,59,43
8600000US96120,96120,ZCTA5 96120,1054,198
8600000US96121,96121,ZCTA5 96121,274,124
8600000US96122,96122,ZCTA5 96122,4147,335
8600000US96123,96123,ZCTA5 96123,20,18
8600000US96124,96124,ZCTA5 96124,366,172
8600000US96125,96125,ZCTA5 96125,318,188
8600000US96126,96126,ZCTA5 96126,128,104
8600000US96128,96128,ZCTA5 96128,537,157
8600000US96129,96129,ZCTA5 96129,164,121
8600000US96130,96130,ZCTA5 96130,22317,418
8600000US96132,96132,ZCTA5 96132,29,20
8600000US96133,96133,ZCTA5 96133,110,111
8600000US96134,96134,ZCTA5 96134,2798,287
8600000US96135,96135,ZCTA5 96135,78,115
8600000US96136,96136,ZCTA5 96136,161,208
8600000US96137,96137,ZCTA5 96137,3554,396
8600000US96140,96140,ZCTA5 96140,1298,379
8600000US96141,96141,ZCTA5 96141,741,217
8600000US96142,96142,ZCTA5 96142,726,237
8600000US96143,96143,ZCTA5 96143,3994,685
8600000US96145,96145,ZCTA5 96145,3283,625
8600000US96146,96146,ZCTA5 96146,879,392
8600000US96148,96148,ZCTA5 96148,637,264
8600000US96150,96150,ZCTA5 96150,29024,639
8600000US96155,96155,ZCTA5 96155,0,13
8600000US96161,96161,ZCTA5 96161,17935,461
8600000US97635,97635,ZCTA5 97635,536,248
